(13:24:07) [INFO]:    [Backend]:         [bootstrap] appRoot resolved=/Users/graysonmitchell/Projects/GameLib source=GAMELIB_APP_ROOT
(13:24:07) [INFO]:    [Backend]:         [bootstrap] publicDir resolved=/Users/graysonmitchell/Projects/GameLib/public exists=true
(13:24:07) [INFO]:    [Backend]:         [bootstrap] GAMELIB_SHELL_EXE received=/Users/graysonmitchell/Projects/GameLib/src-tauri/target/debug/gamelib-shell
(13:24:07) [INFO]:    [Backend]:         [bootstrap] runner binary nile path=/Users/graysonmitchell/Projects/GameLib/public/bin/arm64/darwin/nile exists=true
(13:24:07) [INFO]:    [Backend]:         [bootstrap] runner binary comet path=/Users/graysonmitchell/Projects/GameLib/public/bin/arm64/darwin/comet exists=true
(13:24:07) [INFO]:    [Backend]:         [bootstrap] runner binary gogdl path=/Users/graysonmitchell/Projects/GameLib/public/bin/arm64/darwin/gogdl exists=true
(13:24:07) [INFO]:    [Steam]:           Steam TokenStore implementation set to SidecarKeyringTokenStore
(13:24:07) [INFO]:    [Backend]:         [bootstrap] Humble secret store installed: keyring-backed (humble-session/humble-csrf slots)
(13:24:07) [INFO]:    [Connection]:      Connectivity: check-online
(13:24:07) [INFO]:    [Backend]:         [bootstrap] secret stores: keyring
(13:24:07) [INFO]:    [Backend]:         [bootstrap] runner binary legendary path=/Users/graysonmitchell/Projects/GameLib/public/bin/arm64/darwin/legendary exists=true
(13:24:07) [INFO]:    [Connection]:      Pinging external endpoints
(13:24:07) [INFO]:    [DownloadManager]: sidecar: boot-time download-queue auto-resume (main.ts:579-only, startup-flagged initQueue call) is deliberately disabled (D-05) — a persisted queue head stays resumable via the Resume button, never auto-started on sidecar boot
(13:24:07) [INFO]:    [Nile]:            Saved user data to config file
(13:24:07) [INFO]:    [Frontend]:        [refreshLibrary] runner=all origin=mount
(13:24:07) [INFO]:    [Nile]:            Refreshing library...
(13:24:07) [WARNING]: refresh not implemented on Sideload Library Manager
(13:24:07) [INFO]:    [Legendary]:       Refreshing library...
(13:24:07) [INFO]:    [Nile]:            Refreshing Amazon Games...
(13:24:07) [DEBUG]:   [Backend]:         Logging to file(s) /Users/graysonmitchell/Library/Logs/GameLib/runners/nile.log
(13:24:07) [INFO]:    [Nile]:            Running command: NILE_CONFIG_PATH="/Users/graysonmitchell/Library/Application Support/GameLib/nile_config" /Users/graysonmitchell/Projects/GameLib/public/bin/arm64/darwin/nile/nile library sync
(13:24:07) [INFO]:    [Nile]:            Game list updated, got 0 games
(13:24:08) [INFO]:    [Connection]:      Connectivity: online
(13:24:08) [DEBUG]:   [Backend]:         Releases info ready, checking wine releases
(13:24:08) [DEBUG]:   [Backend]:         Releases info ready, checking anticheat data
(13:24:08) [DEBUG]:   [Backend]:         AreWeAnticheatYet data did not change. Skipping.
(13:24:27) [INFO]:    [Steam]:           [Timing] SteamUser.loggedOn: cellID=22 publicIP=222.153.200.37
(13:24:28) [INFO]:    [Steam]:           [Timing] SteamUser.ensureConnected: cold-connect path took 1230ms
(13:24:28) [INFO]:    [Steam]:           Steam: fetched 378 owned games
(13:24:28) [INFO]:    [Steam]:           Steam library sync complete: 378 games
(13:24:28) [INFO]:    [Backend]:         refreshLibrary complete runner=all managers=6
(13:24:28) [INFO]:    [Frontend]:        [handleGamePush/steam] app_name=220 is_installed=false is_delisted=false matchedIndex=-1 beforeLen=0
(13:24:28) [INFO]:    [Frontend]:        [handleGamePush/steam] app_name=320 is_installed=false is_delisted=false matchedIndex=-1 beforeLen=1
(13:24:28) [INFO]:    [Frontend]:        [handleGamePush/steam] app_name=360 is_installed=false is_delisted=false matchedIndex=-1 beforeLen=2
(13:24:28) [INFO]:    [Frontend]:        [handleGamePush/steam] app_name=400 is_installed=false is_delisted=false matchedIndex=-1 beforeLen=3
(13:24:28) [INFO]:    [Frontend]:        [handleGamePush/steam] app_name=620 is_installed=false is_delisted=false matchedIndex=-1 beforeLen=4
(13:24:28) [INFO]:    [Frontend]:        [handleGamePush/steam] app_name=1930 is_installed=false is_delisted=false matchedIndex=-1 beforeLen=5
(13:24:28) [INFO]:    [Frontend]:        [handleGamePush/steam] app_name=3170 is_installed=false is_delisted=false matchedIndex=-1 beforeLen=6
(13:24:28) [INFO]:    [Frontend]:        [handleGamePush/steam] app_name=6300 is_installed=false is_delisted=false matchedIndex=-1 beforeLen=7
(13:24:28) [INFO]:    [Frontend]:        [handleGamePush/steam] app_name=6310 is_installed=false is_delisted=false matchedIndex=-1 beforeLen=8
(13:24:28) [INFO]:    [Frontend]:        [handleGamePush/steam] app_name=7520 is_installed=false is_delisted=false matchedIndex=-1 beforeLen=9
(13:24:28) [INFO]:    [Frontend]:        [handleGamePush/steam] app_name=8870 is_installed=true is_delisted=false matchedIndex=-1 beforeLen=10
(13:24:28) [INFO]:    [Frontend]:        [handleGamePush/steam] app_name=8930 is_installed=true is_delisted=false matchedIndex=-1 beforeLen=11
(13:24:28) [INFO]:    [Frontend]:        [handleGamePush/steam] app_name=8980 is_installed=false is_delisted=false matchedIndex=-1 beforeLen=12
(13:24:28) [INFO]:    [Frontend]:        [handleGamePush/steam] app_name=9900 is_installed=false is_delisted=false matchedIndex=-1 beforeLen=13
(13:24:28) [INFO]:    [Frontend]:        [handleGamePush/steam] app_name=12320 is_installed=false is_delisted=false matchedIndex=-1 beforeLen=14
(13:24:28) [INFO]:    [Frontend]:        [handleGamePush/steam] app_name=15930 is_installed=false is_delisted=false matchedIndex=-1 beforeLen=15
(13:24:28) [INFO]:    [Frontend]:        [handleGamePush/steam] app_name=16720 is_installed=false is_delisted=false matchedIndex=-1 beforeLen=16
(13:24:28) [INFO]:    [Frontend]:        [handleGamePush/steam] app_name=17710 is_installed=false is_delisted=false matchedIndex=-1 beforeLen=18
(13:24:28) [INFO]:    [Frontend]:        [handleGamePush/steam] app_name=20900 is_installed=false is_delisted=false matchedIndex=-1 beforeLen=19
(13:24:28) [INFO]:    [Frontend]:        [handleGamePush/steam] app_name=17460 is_installed=false is_delisted=false matchedIndex=-1 beforeLen=17
(13:24:28) [INFO]:    [Frontend]:        [handleGamePush/steam] app_name=20920 is_installed=false is_delisted=false matchedIndex=-1 beforeLen=20
(13:24:28) [INFO]:    [Frontend]:        [handleGamePush/steam] app_name=22000 is_installed=false is_delisted=false matchedIndex=-1 beforeLen=21
(13:24:28) [INFO]:    [Frontend]:        [handleGamePush/steam] app_name=22320 is_installed=false is_delisted=false matchedIndex=-1 beforeLen=22
(13:24:28) [INFO]:    [Frontend]:        [handleGamePush/steam] app_name=22330 is_installed=false is_delisted=false matchedIndex=-1 beforeLen=23
(13:24:28) [INFO]:    [Frontend]:        [handleGamePush/steam] app_name=22370 is_installed=false is_delisted=false matchedIndex=-1 beforeLen=24
(13:24:28) [INFO]:    [Frontend]:        [handleGamePush/steam] app_name=22380 is_installed=false is_delisted=false matchedIndex=-1 beforeLen=25
(13:24:28) [INFO]:    [Frontend]:        [handleGamePush/steam] app_name=24980 is_installed=false is_delisted=false matchedIndex=-1 beforeLen=26
(13:24:28) [INFO]:    [Frontend]:        [handleGamePush/steam] app_name=25600 is_installed=false is_delisted=false matchedIndex=-1 beforeLen=27
(13:24:28) [INFO]:    [Frontend]:        [handleGamePush/steam] app_name=25620 is_installed=false is_delisted=false matchedIndex=-1 beforeLen=28
(13:24:28) [INFO]:    [Frontend]:        [handleGamePush/steam] app_name=25900 is_installed=false is_delisted=false matchedIndex=-1 beforeLen=29
(13:24:28) [INFO]:    [Frontend]:        [handleGamePush/steam] app_name=28050 is_installed=false is_delisted=true matchedIndex=-1 beforeLen=30
(13:24:28) [INFO]:    [Frontend]:        [handleGamePush/steam] app_name=33230 is_installed=false is_delisted=false matchedIndex=-1 beforeLen=31
(13:24:28) [INFO]:    [Frontend]:        [handleGamePush/steam] app_name=35700 is_installed=false is_delisted=false matchedIndex=-1 beforeLen=32
(13:24:28) [INFO]:    [Frontend]:        [handleGamePush/steam] app_name=35720 is_installed=true is_delisted=false matchedIndex=-1 beforeLen=33
(13:24:28) [INFO]:    [Frontend]:        [handleGamePush/steam] app_name=38400 is_installed=false is_delisted=false matchedIndex=-1 beforeLen=34
(13:24:28) [INFO]:    [Frontend]:        [handleGamePush/steam] app_name=38410 is_installed=false is_delisted=false matchedIndex=-1 beforeLen=35
(13:24:28) [INFO]:    [Frontend]:        [handleGamePush/steam] app_name=38420 is_installed=false is_delisted=false matchedIndex=-1 beforeLen=36
(13:24:28) [INFO]:    [Frontend]:        [handleGamePush/steam] app_name=39540 is_installed=false is_delisted=false matchedIndex=-1 beforeLen=37
(13:24:28) [INFO]:    [Frontend]:        [handleGamePush/steam] app_name=40700 is_installed=false is_delisted=false matchedIndex=-1 beforeLen=38
(13:24:28) [INFO]:    [Frontend]:        [handleGamePush/steam] app_name=41070 is_installed=false is_delisted=false matchedIndex=-1 beforeLen=39
(13:24:28) [INFO]:    [Frontend]:        [handleGamePush/steam] app_name=41500 is_installed=false is_delisted=false matchedIndex=-1 beforeLen=40
(13:24:28) [INFO]:    [Frontend]:        [handleGamePush/steam] app_name=41900 is_installed=false is_delisted=false matchedIndex=-1 beforeLen=41
(13:24:28) [INFO]:    [Frontend]:        [handleGamePush/steam] app_name=43110 is_installed=false is_delisted=false matchedIndex=-1 beforeLen=42
(13:24:28) [INFO]:    [Frontend]:        [handleGamePush/steam] app_name=43160 is_installed=false is_delisted=true matchedIndex=-1 beforeLen=43
(13:24:28) [INFO]:    [Frontend]:        [handleGamePush/steam] app_name=46410 is_installed=false is_delisted=false matchedIndex=-1 beforeLen=44
(13:24:28) [INFO]:    [Frontend]:        [handleGamePush/steam] app_name=47400 is_installed=false is_delisted=false matchedIndex=-1 beforeLen=45
(13:24:28) [INFO]:    [Frontend]:        [handleGamePush/steam] app_name=48000 is_installed=false is_delisted=false matchedIndex=-1 beforeLen=46
(13:24:28) [INFO]:    [Frontend]:        [handleGamePush/steam] app_name=49520 is_installed=false is_delisted=false matchedIndex=-1 beforeLen=47
(13:24:28) [INFO]:    [Frontend]:        [handleGamePush/steam] app_name=50650 is_installed=false is_delisted=false matchedIndex=-1 beforeLen=48
(13:24:28) [INFO]:    [Frontend]:        [handleGamePush/steam] app_name=57300 is_installed=true is_delisted=false matchedIndex=-1 beforeLen=49
(13:24:28) [INFO]:    [Frontend]:        [handleGamePush/steam] app_name=63000 is_installed=true is_delisted=false matchedIndex=-1 beforeLen=50
(13:24:28) [INFO]:    [Frontend]:        [handleGamePush/steam] app_name=65980 is_installed=false is_delisted=false matchedIndex=-1 beforeLen=51
(13:24:28) [INFO]:    [Frontend]:        [handleGamePush/steam] app_name=72200 is_installed=false is_delisted=false matchedIndex=-1 beforeLen=52
(13:24:28) [INFO]:    [Frontend]:        [handleGamePush/steam] app_name=72850 is_installed=false is_delisted=false matchedIndex=-1 beforeLen=53
(13:24:28) [INFO]:    [Frontend]:        [handleGamePush/steam] app_name=73010 is_installed=true is_delisted=false matchedIndex=-1 beforeLen=54
(13:24:28) [INFO]:    [Frontend]:        [handleGamePush/steam] app_name=91310 is_installed=true is_delisted=true matchedIndex=-1 beforeLen=55
(13:24:28) [INFO]:    [Frontend]:        [handleGamePush/steam] app_name=91700 is_installed=false is_delisted=false matchedIndex=-1 beforeLen=56
(13:24:28) [INFO]:    [Frontend]:        [handleGamePush/steam] app_name=97000 is_installed=false is_delisted=false matchedIndex=-1 beforeLen=57
(13:24:28) [INFO]:    [Frontend]:        [handleGamePush/steam] app_name=98200 is_installed=false is_delisted=false matchedIndex=-1 beforeLen=58
(13:24:28) [INFO]:    [Frontend]:        [handleGamePush/steam] app_name=98800 is_installed=false is_delisted=false matchedIndex=-1 beforeLen=59
(13:24:28) [INFO]:    [Frontend]:        [handleGamePush/steam] app_name=105600 is_installed=false is_delisted=false matchedIndex=-1 beforeLen=60
(13:24:28) [INFO]:    [Frontend]:        [handleGamePush/steam] app_name=107100 is_installed=true is_delisted=false matchedIndex=-1 beforeLen=61
(13:24:28) [INFO]:    [Frontend]:        [handleGamePush/steam] app_name=108600 is_installed=false is_delisted=false matchedIndex=-1 beforeLen=62
(13:24:28) [INFO]:    [Frontend]:        [handleGamePush/steam] app_name=112100 is_installed=false is_delisted=false matchedIndex=-1 beforeLen=63
(13:24:28) [INFO]:    [Frontend]:        [handleGamePush/steam] app_name=113200 is_installed=false is_delisted=false matchedIndex=-1 beforeLen=64
(13:24:28) [INFO]:    [Frontend]:        [handleGamePush/steam] app_name=200260 is_installed=false is_delisted=false matchedIndex=-1 beforeLen=65
(13:24:28) [INFO]:    [Frontend]:        [handleGamePush/steam] app_name=200510 is_installed=false is_delisted=false matchedIndex=-1 beforeLen=66
(13:24:28) [INFO]:    [Frontend]:        [handleGamePush/steam] app_name=200710 is_installed=false is_delisted=false matchedIndex=-1 beforeLen=67
(13:24:28) [INFO]:    [Frontend]:        [handleGamePush/steam] app_name=203140 is_installed=false is_delisted=false matchedIndex=-1 beforeLen=68
(13:24:28) [INFO]:    [Frontend]:        [handleGamePush/steam] app_name=203160 is_installed=false is_delisted=false matchedIndex=-1 beforeLen=69
(13:24:28) [INFO]:    [Frontend]:        [handleGamePush/steam] app_name=203770 is_installed=false is_delisted=false matchedIndex=-1 beforeLen=70
(13:24:28) [INFO]:    [Frontend]:        [handleGamePush/steam] app_name=203830 is_installed=false is_delisted=false matchedIndex=-1 beforeLen=71
(13:24:28) [INFO]:    [Frontend]:        [handleGamePush/steam] app_name=204100 is_installed=false is_delisted=false matchedIndex=-1 beforeLen=72
(13:24:28) [INFO]:    [Frontend]:        [handleGamePush/steam] app_name=205930 is_installed=false is_delisted=true matchedIndex=-1 beforeLen=73
(13:24:28) [INFO]:    [Frontend]:        [handleGamePush/steam] app_name=206020 is_installed=true is_delisted=false matchedIndex=-1 beforeLen=74
(13:24:28) [INFO]:    [Frontend]:        [handleGamePush/steam] app_name=206040 is_installed=true is_delisted=false matchedIndex=-1 beforeLen=75
(13:24:28) [INFO]:    [Frontend]:        [handleGamePush/steam] app_name=206060 is_installed=true is_delisted=false matchedIndex=-1 beforeLen=76
(13:24:28) [INFO]:    [Frontend]:        [handleGamePush/steam] app_name=207170 is_installed=false is_delisted=false matchedIndex=-1 beforeLen=77
(13:24:28) [INFO]:    [Frontend]:        [handleGamePush/steam] app_name=207610 is_installed=false is_delisted=false matchedIndex=-1 beforeLen=78
(13:24:28) [INFO]:    [Frontend]:        [handleGamePush/steam] app_name=208140 is_installed=false is_delisted=false matchedIndex=-1 beforeLen=79
(13:24:28) [INFO]:    [Frontend]:        [handleGamePush/steam] app_name=208400 is_installed=false is_delisted=false matchedIndex=-1 beforeLen=80
(13:24:28) [INFO]:    [Frontend]:        [handleGamePush/steam] app_name=208520 is_installed=false is_delisted=false matchedIndex=-1 beforeLen=81
(13:24:28) [INFO]:    [Frontend]:        [handleGamePush/steam] app_name=211420 is_installed=false is_delisted=false matchedIndex=-1 beforeLen=82
(13:24:28) [INFO]:    [Frontend]:        [handleGamePush/steam] app_name=211820 is_installed=false is_delisted=false matchedIndex=-1 beforeLen=83
(13:24:28) [INFO]:    [Frontend]:        [handleGamePush/steam] app_name=211900 is_installed=false is_delisted=false matchedIndex=-1 beforeLen=84
(13:24:28) [INFO]:    [Frontend]:        [handleGamePush/steam] app_name=212680 is_installed=false is_delisted=false matchedIndex=-1 beforeLen=85
(13:24:28) [INFO]:    [Frontend]:        [handleGamePush/steam] app_name=214340 is_installed=false is_delisted=false matchedIndex=-1 beforeLen=86
(13:24:28) [INFO]:    [Frontend]:        [handleGamePush/steam] app_name=215160 is_installed=false is_delisted=false matchedIndex=-1 beforeLen=87
(13:24:28) [INFO]:    [Frontend]:        [handleGamePush/steam] app_name=215530 is_installed=false is_delisted=false matchedIndex=-1 beforeLen=88
(13:24:28) [INFO]:    [Frontend]:        [handleGamePush/steam] app_name=216390 is_installed=false is_delisted=true matchedIndex=-1 beforeLen=89
(13:24:28) [INFO]:    [Frontend]:        [handleGamePush/steam] app_name=218130 is_installed=false is_delisted=true matchedIndex=-1 beforeLen=90
(13:24:28) [INFO]:    [Frontend]:        [handleGamePush/steam] app_name=218410 is_installed=false is_delisted=false matchedIndex=-1 beforeLen=91
(13:24:28) [INFO]:    [Frontend]:        [handleGamePush/steam] app_name=219780 is_installed=false is_delisted=false matchedIndex=-1 beforeLen=92
(13:24:28) [INFO]:    [Frontend]:        [handleGamePush/steam] app_name=219990 is_installed=false is_delisted=false matchedIndex=-1 beforeLen=93
(13:24:28) [INFO]:    [Frontend]:        [handleGamePush/steam] app_name=223390 is_installed=false is_delisted=true matchedIndex=-1 beforeLen=94
(13:24:28) [INFO]:    [Frontend]:        [handleGamePush/steam] app_name=226840 is_installed=true is_delisted=false matchedIndex=-1 beforeLen=95
(13:24:28) [INFO]:    [Frontend]:        [handleGamePush/steam] app_name=226860 is_installed=false is_delisted=false matchedIndex=-1 beforeLen=96
(13:24:28) [INFO]:    [Frontend]:        [handleGamePush/steam] app_name=228280 is_installed=false is_delisted=false matchedIndex=-1 beforeLen=97
(13:24:28) [INFO]:    [Frontend]:        [handleGamePush/steam] app_name=230070 is_installed=false is_delisted=false matchedIndex=-1 beforeLen=98
(13:24:28) [INFO]:    [Frontend]:        [handleGamePush/steam] app_name=230230 is_installed=false is_delisted=false matchedIndex=-1 beforeLen=99
(13:24:28) [INFO]:    [Frontend]:        [handleGamePush/steam] app_name=232750 is_installed=false is_delisted=false matchedIndex=-1 beforeLen=100
(13:24:28) [INFO]:    [Frontend]:        [handleGamePush/steam] app_name=233310 is_installed=false is_delisted=false matchedIndex=-1 beforeLen=101
(13:24:28) [INFO]:    [Frontend]:        [handleGamePush/steam] app_name=233860 is_installed=false is_delisted=false matchedIndex=-1 beforeLen=102
(13:24:28) [INFO]:    [Frontend]:        [handleGamePush/steam] app_name=234650 is_installed=false is_delisted=false matchedIndex=-1 beforeLen=103
(13:24:28) [INFO]:    [Frontend]:        [handleGamePush/steam] app_name=237430 is_installed=false is_delisted=false matchedIndex=-1 beforeLen=104
(13:24:28) [INFO]:    [Frontend]:        [handleGamePush/steam] app_name=237990 is_installed=false is_delisted=false matchedIndex=-1 beforeLen=105
(13:24:28) [INFO]:    [Frontend]:        [handleGamePush/steam] app_name=238320 is_installed=false is_delisted=false matchedIndex=-1 beforeLen=106
(13:24:28) [INFO]:    [Frontend]:        [handleGamePush/steam] app_name=238750 is_installed=false is_delisted=false matchedIndex=-1 beforeLen=107
(13:24:28) [INFO]:    [Frontend]:        [handleGamePush/steam] app_name=239160 is_installed=false is_delisted=false matchedIndex=-1 beforeLen=108
(13:24:28) [INFO]:    [Frontend]:        [handleGamePush/steam] app_name=240760 is_installed=false is_delisted=false matchedIndex=-1 beforeLen=109
(13:24:28) [INFO]:    [Frontend]:        [handleGamePush/steam] app_name=241600 is_installed=false is_delisted=false matchedIndex=-1 beforeLen=110
(13:24:28) [INFO]:    [Frontend]:        [handleGamePush/steam] app_name=241930 is_installed=false is_delisted=false matchedIndex=-1 beforeLen=111
(13:24:28) [INFO]:    [Frontend]:        [handleGamePush/steam] app_name=242640 is_installed=false is_delisted=false matchedIndex=-1 beforeLen=112
(13:24:28) [INFO]:    [Frontend]:        [handleGamePush/steam] app_name=242760 is_installed=false is_delisted=false matchedIndex=-1 beforeLen=113
(13:24:28) [INFO]:    [Frontend]:        [handleGamePush/steam] app_name=243970 is_installed=false is_delisted=false matchedIndex=-1 beforeLen=114
(13:24:28) [INFO]:    [Frontend]:        [handleGamePush/steam] app_name=245410 is_installed=false is_delisted=false matchedIndex=-1 beforeLen=115
(13:24:28) [INFO]:    [Frontend]:        [handleGamePush/steam] app_name=245430 is_installed=false is_delisted=false matchedIndex=-1 beforeLen=116
(13:24:28) [INFO]:    [Frontend]:        [handleGamePush/steam] app_name=246110 is_installed=false is_delisted=false matchedIndex=-1 beforeLen=117
(13:24:28) [INFO]:    [Frontend]:        [handleGamePush/steam] app_name=246760 is_installed=false is_delisted=false matchedIndex=-1 beforeLen=118
(13:24:28) [INFO]:    [Frontend]:        [handleGamePush/steam] app_name=248390 is_installed=false is_delisted=false matchedIndex=-1 beforeLen=119
(13:24:28) [INFO]:    [Frontend]:        [handleGamePush/steam] app_name=248410 is_installed=false is_delisted=false matchedIndex=-1 beforeLen=120
(13:24:28) [INFO]:    [Frontend]:        [handleGamePush/steam] app_name=249050 is_installed=false is_delisted=false matchedIndex=-1 beforeLen=121
(13:24:28) [INFO]:    [Frontend]:        [handleGamePush/steam] app_name=249650 is_installed=false is_delisted=false matchedIndex=-1 beforeLen=122
(13:24:28) [INFO]:    [Frontend]:        [handleGamePush/steam] app_name=250320 is_installed=false is_delisted=false matchedIndex=-1 beforeLen=123
(13:24:28) [INFO]:    [Frontend]:        [handleGamePush/steam] app_name=251570 is_installed=true is_delisted=false matchedIndex=-1 beforeLen=124
(13:24:28) [INFO]:    [Frontend]:        [handleGamePush/steam] app_name=251730 is_installed=false is_delisted=false matchedIndex=-1 beforeLen=125
(13:24:28) [INFO]:    [Frontend]:        [handleGamePush/steam] app_name=252410 is_installed=false is_delisted=false matchedIndex=-1 beforeLen=126
(13:24:28) [INFO]:    [Frontend]:        [handleGamePush/steam] app_name=252490 is_installed=false is_delisted=false matchedIndex=-1 beforeLen=127
(13:24:28) [INFO]:    [Frontend]:        [handleGamePush/steam] app_name=256290 is_installed=false is_delisted=false matchedIndex=-1 beforeLen=128
(13:24:28) [INFO]:    [Frontend]:        [handleGamePush/steam] app_name=257350 is_installed=true is_delisted=false matchedIndex=-1 beforeLen=129
(13:24:28) [INFO]:    [Frontend]:        [handleGamePush/steam] app_name=258970 is_installed=false is_delisted=false matchedIndex=-1 beforeLen=130
(13:24:28) [INFO]:    [Frontend]:        [handleGamePush/steam] app_name=259060 is_installed=false is_delisted=false matchedIndex=-1 beforeLen=131
(13:24:28) [INFO]:    [Frontend]:        [handleGamePush/steam] app_name=259130 is_installed=false is_delisted=false matchedIndex=-1 beforeLen=132
(13:24:28) [INFO]:    [Frontend]:        [handleGamePush/steam] app_name=259680 is_installed=false is_delisted=false matchedIndex=-1 beforeLen=133
(13:24:28) [INFO]:    [Frontend]:        [handleGamePush/steam] app_name=261030 is_installed=false is_delisted=false matchedIndex=-1 beforeLen=134
(13:24:28) [INFO]:    [Frontend]:        [handleGamePush/steam] app_name=262060 is_installed=false is_delisted=false matchedIndex=-1 beforeLen=135
(13:24:28) [INFO]:    [Frontend]:        [handleGamePush/steam] app_name=264160 is_installed=true is_delisted=false matchedIndex=-1 beforeLen=136
(13:24:28) [INFO]:    [Frontend]:        [handleGamePush/steam] app_name=265970 is_installed=false is_delisted=false matchedIndex=-1 beforeLen=137
(13:24:28) [INFO]:    [Frontend]:        [handleGamePush/steam] app_name=268500 is_installed=false is_delisted=false matchedIndex=-1 beforeLen=138
(13:24:28) [INFO]:    [Frontend]:        [handleGamePush/steam] app_name=268870 is_installed=false is_delisted=false matchedIndex=-1 beforeLen=139
(13:24:28) [INFO]:    [Frontend]:        [handleGamePush/steam] app_name=270050 is_installed=false is_delisted=false matchedIndex=-1 beforeLen=140
(13:24:28) [INFO]:    [Frontend]:        [handleGamePush/steam] app_name=271240 is_installed=false is_delisted=false matchedIndex=-1 beforeLen=141
(13:24:28) [INFO]:    [Frontend]:        [handleGamePush/steam] app_name=272270 is_installed=false is_delisted=false matchedIndex=-1 beforeLen=142
(13:24:28) [INFO]:    [Frontend]:        [handleGamePush/steam] app_name=273070 is_installed=false is_delisted=false matchedIndex=-1 beforeLen=143
(13:24:28) [INFO]:    [Frontend]:        [handleGamePush/steam] app_name=274520 is_installed=false is_delisted=false matchedIndex=-1 beforeLen=144
(13:24:28) [INFO]:    [Frontend]:        [handleGamePush/steam] app_name=275850 is_installed=false is_delisted=false matchedIndex=-1 beforeLen=145
(13:24:28) [INFO]:    [Frontend]:        [handleGamePush/steam] app_name=281990 is_installed=false is_delisted=false matchedIndex=-1 beforeLen=146
(13:24:28) [INFO]:    [Frontend]:        [handleGamePush/steam] app_name=288120 is_installed=false is_delisted=false matchedIndex=-1 beforeLen=147
(13:24:28) [INFO]:    [Frontend]:        [handleGamePush/steam] app_name=289070 is_installed=true is_delisted=false matchedIndex=-1 beforeLen=148
(13:24:28) [INFO]:    [Frontend]:        [handleGamePush/steam] app_name=289130 is_installed=false is_delisted=false matchedIndex=-1 beforeLen=149
(13:24:28) [INFO]:    [Frontend]:        [handleGamePush/steam] app_name=290300 is_installed=false is_delisted=false matchedIndex=-1 beforeLen=150
(13:24:28) [INFO]:    [Frontend]:        [handleGamePush/steam] app_name=291190 is_installed=false is_delisted=false matchedIndex=-1 beforeLen=151
(13:24:28) [INFO]:    [Frontend]:        [handleGamePush/steam] app_name=291650 is_installed=true is_delisted=false matchedIndex=-1 beforeLen=152
(13:24:28) [INFO]:    [Frontend]:        [handleGamePush/steam] app_name=292030 is_installed=false is_delisted=false matchedIndex=-1 beforeLen=153
(13:24:28) [INFO]:    [Frontend]:        [handleGamePush/steam] app_name=293480 is_installed=false is_delisted=false matchedIndex=-1 beforeLen=154
(13:24:28) [INFO]:    [Frontend]:        [handleGamePush/steam] app_name=294100 is_installed=false is_delisted=false matchedIndex=-1 beforeLen=155
(13:24:28) [INFO]:    [Frontend]:        [handleGamePush/steam] app_name=296570 is_installed=false is_delisted=false matchedIndex=-1 beforeLen=156
(13:24:28) [INFO]:    [Frontend]:        [handleGamePush/steam] app_name=300550 is_installed=false is_delisted=false matchedIndex=-1 beforeLen=157
(13:24:28) [INFO]:    [Frontend]:        [handleGamePush/steam] app_name=301860 is_installed=false is_delisted=false matchedIndex=-1 beforeLen=158
(13:24:28) [INFO]:    [Frontend]:        [handleGamePush/steam] app_name=302510 is_installed=false is_delisted=false matchedIndex=-1 beforeLen=159
(13:24:28) [INFO]:    [Frontend]:        [handleGamePush/steam] app_name=305640 is_installed=false is_delisted=false matchedIndex=-1 beforeLen=160
(13:24:28) [INFO]:    [Frontend]:        [handleGamePush/steam] app_name=307670 is_installed=false is_delisted=false matchedIndex=-1 beforeLen=161
(13:24:28) [INFO]:    [Frontend]:        [handleGamePush/steam] app_name=308420 is_installed=false is_delisted=false matchedIndex=-1 beforeLen=162
(13:24:28) [INFO]:    [Frontend]:        [handleGamePush/steam] app_name=311290 is_installed=false is_delisted=false matchedIndex=-1 beforeLen=163
(13:24:28) [INFO]:    [Frontend]:        [handleGamePush/steam] app_name=319630 is_installed=false is_delisted=false matchedIndex=-1 beforeLen=164
(13:24:28) [INFO]:    [Frontend]:        [handleGamePush/steam] app_name=321800 is_installed=false is_delisted=false matchedIndex=-1 beforeLen=165
(13:24:28) [INFO]:    [Frontend]:        [handleGamePush/steam] app_name=322330 is_installed=false is_delisted=false matchedIndex=-1 beforeLen=166
(13:24:28) [INFO]:    [Frontend]:        [handleGamePush/steam] app_name=323190 is_installed=false is_delisted=false matchedIndex=-1 beforeLen=167
(13:24:28) [INFO]:    [Frontend]:        [handleGamePush/steam] app_name=333300 is_installed=false is_delisted=false matchedIndex=-1 beforeLen=168
(13:24:28) [INFO]:    [Frontend]:        [handleGamePush/steam] app_name=335120 is_installed=false is_delisted=false matchedIndex=-1 beforeLen=169
(13:24:28) [INFO]:    [Frontend]:        [handleGamePush/steam] app_name=335620 is_installed=false is_delisted=false matchedIndex=-1 beforeLen=170
(13:24:28) [INFO]:    [Frontend]:        [handleGamePush/steam] app_name=337850 is_installed=false is_delisted=false matchedIndex=-1 beforeLen=171
(13:24:28) [INFO]:    [Frontend]:        [handleGamePush/steam] app_name=345180 is_installed=false is_delisted=false matchedIndex=-1 beforeLen=172
(13:24:28) [INFO]:    [Frontend]:        [handleGamePush/steam] app_name=346110 is_installed=false is_delisted=false matchedIndex=-1 beforeLen=173
(13:24:28) [INFO]:    [Frontend]:        [handleGamePush/steam] app_name=346940 is_installed=false is_delisted=false matchedIndex=-1 beforeLen=174
(13:24:28) [INFO]:    [Frontend]:        [handleGamePush/steam] app_name=356040 is_installed=false is_delisted=false matchedIndex=-1 beforeLen=175
(13:24:28) [INFO]:    [Frontend]:        [handleGamePush/steam] app_name=362960 is_installed=false is_delisted=false matchedIndex=-1 beforeLen=176
(13:24:28) [INFO]:    [Frontend]:        [handleGamePush/steam] app_name=365360 is_installed=false is_delisted=false matchedIndex=-1 beforeLen=177
(13:24:28) [INFO]:    [Frontend]:        [handleGamePush/steam] app_name=367500 is_installed=false is_delisted=false matchedIndex=-1 beforeLen=178
(13:24:28) [INFO]:    [Frontend]:        [handleGamePush/steam] app_name=367540 is_installed=false is_delisted=true matchedIndex=-1 beforeLen=179
(13:24:28) [INFO]:    [Frontend]:        [handleGamePush/steam] app_name=368250 is_installed=false is_delisted=false matchedIndex=-1 beforeLen=180
(13:24:28) [INFO]:    [Frontend]:        [handleGamePush/steam] app_name=373420 is_installed=false is_delisted=false matchedIndex=-1 beforeLen=181
(13:24:28) [INFO]:    [Frontend]:        [handleGamePush/steam] app_name=377160 is_installed=false is_delisted=false matchedIndex=-1 beforeLen=182
(13:24:28) [INFO]:    [Frontend]:        [handleGamePush/steam] app_name=379430 is_installed=false is_delisted=false matchedIndex=-1 beforeLen=183
(13:24:28) [INFO]:    [Frontend]:        [handleGamePush/steam] app_name=380150 is_installed=false is_delisted=false matchedIndex=-1 beforeLen=184
(13:24:28) [INFO]:    [Frontend]:        [handleGamePush/steam] app_name=391220 is_installed=false is_delisted=false matchedIndex=-1 beforeLen=185
(13:24:28) [INFO]:    [Frontend]:        [handleGamePush/steam] app_name=392110 is_installed=false is_delisted=false matchedIndex=-1 beforeLen=186
(13:24:28) [INFO]:    [Frontend]:        [handleGamePush/steam] app_name=395420 is_installed=false is_delisted=false matchedIndex=-1 beforeLen=187
(13:24:28) [INFO]:    [Frontend]:        [handleGamePush/steam] app_name=402060 is_installed=false is_delisted=false matchedIndex=-1 beforeLen=188
(13:24:28) [INFO]:    [Frontend]:        [handleGamePush/steam] app_name=403950 is_installed=false is_delisted=false matchedIndex=-1 beforeLen=189
(13:24:28) [INFO]:    [Frontend]:        [handleGamePush/steam] app_name=404730 is_installed=false is_delisted=false matchedIndex=-1 beforeLen=190
(13:24:28) [INFO]:    [Frontend]:        [handleGamePush/steam] app_name=407530 is_installed=false is_delisted=false matchedIndex=-1 beforeLen=191
(13:24:28) [INFO]:    [Frontend]:        [handleGamePush/steam] app_name=409450 is_installed=false is_delisted=false matchedIndex=-1 beforeLen=192
(13:24:28) [INFO]:    [Frontend]:        [handleGamePush/steam] app_name=411300 is_installed=false is_delisted=false matchedIndex=-1 beforeLen=193
(13:24:28) [INFO]:    [Frontend]:        [handleGamePush/steam] app_name=412020 is_installed=false is_delisted=false matchedIndex=-1 beforeLen=194
(13:24:28) [INFO]:    [Frontend]:        [handleGamePush/steam] app_name=414340 is_installed=false is_delisted=false matchedIndex=-1 beforeLen=195
(13:24:28) [INFO]:    [Frontend]:        [handleGamePush/steam] app_name=424250 is_installed=false is_delisted=false matchedIndex=-1 beforeLen=196
(13:24:28) [INFO]:    [Frontend]:        [handleGamePush/steam] app_name=427290 is_installed=false is_delisted=false matchedIndex=-1 beforeLen=197
(13:24:28) [INFO]:    [Frontend]:        [handleGamePush/steam] app_name=427410 is_installed=false is_delisted=false matchedIndex=-1 beforeLen=198
(13:24:28) [INFO]:    [Frontend]:        [handleGamePush/steam] app_name=427520 is_installed=false is_delisted=false matchedIndex=-1 beforeLen=199
(13:24:28) [INFO]:    [Frontend]:        [handleGamePush/steam] app_name=428880 is_installed=false is_delisted=false matchedIndex=-1 beforeLen=200
(13:24:28) [INFO]:    [Frontend]:        [handleGamePush/steam] app_name=435150 is_installed=false is_delisted=false matchedIndex=-1 beforeLen=201
(13:24:28) [INFO]:    [Frontend]:        [handleGamePush/steam] app_name=445190 is_installed=false is_delisted=false matchedIndex=-1 beforeLen=202
(13:24:28) [INFO]:    [Frontend]:        [handleGamePush/steam] app_name=449300 is_installed=false is_delisted=false matchedIndex=-1 beforeLen=203
(13:24:28) [INFO]:    [Frontend]:        [handleGamePush/steam] app_name=466300 is_installed=false is_delisted=false matchedIndex=-1 beforeLen=204
(13:24:28) [INFO]:    [Frontend]:        [handleGamePush/steam] app_name=466560 is_installed=false is_delisted=false matchedIndex=-1 beforeLen=205
(13:24:28) [INFO]:    [Frontend]:        [handleGamePush/steam] app_name=471010 is_installed=false is_delisted=false matchedIndex=-1 beforeLen=206
(13:24:28) [INFO]:    [Frontend]:        [handleGamePush/steam] app_name=489830 is_installed=false is_delisted=false matchedIndex=-1 beforeLen=207
(13:24:28) [INFO]:    [Frontend]:        [handleGamePush/steam] app_name=495420 is_installed=false is_delisted=false matchedIndex=-1 beforeLen=208
(13:24:28) [INFO]:    [Frontend]:        [handleGamePush/steam] app_name=518790 is_installed=false is_delisted=false matchedIndex=-1 beforeLen=209
(13:24:28) [INFO]:    [Frontend]:        [handleGamePush/steam] app_name=526160 is_installed=false is_delisted=false matchedIndex=-1 beforeLen=210
(13:24:28) [INFO]:    [Frontend]:        [handleGamePush/steam] app_name=529340 is_installed=false is_delisted=false matchedIndex=-1 beforeLen=211
(13:24:28) [INFO]:    [Frontend]:        [handleGamePush/steam] app_name=530890 is_installed=false is_delisted=false matchedIndex=-1 beforeLen=212
(13:24:28) [INFO]:    [Frontend]:        [handleGamePush/steam] app_name=552500 is_installed=false is_delisted=false matchedIndex=-1 beforeLen=213
(13:24:28) [INFO]:    [Frontend]:        [handleGamePush/steam] app_name=552620 is_installed=false is_delisted=false matchedIndex=-1 beforeLen=214
(13:24:28) [INFO]:    [Frontend]:        [handleGamePush/steam] app_name=560130 is_installed=false is_delisted=false matchedIndex=-1 beforeLen=215
(13:24:28) [INFO]:    [Frontend]:        [handleGamePush/steam] app_name=564310 is_installed=false is_delisted=false matchedIndex=-1 beforeLen=216
(13:24:28) [INFO]:    [Frontend]:        [handleGamePush/steam] app_name=566090 is_installed=false is_delisted=false matchedIndex=-1 beforeLen=217
(13:24:28) [INFO]:    [Frontend]:        [handleGamePush/steam] app_name=571310 is_installed=false is_delisted=false matchedIndex=-1 beforeLen=218
(13:24:28) [INFO]:    [Frontend]:        [handleGamePush/steam] app_name=576770 is_installed=false is_delisted=false matchedIndex=-1 beforeLen=219
(13:24:28) [INFO]:    [Frontend]:        [handleGamePush/steam] app_name=582010 is_installed=false is_delisted=false matchedIndex=-1 beforeLen=220
(13:24:28) [INFO]:    [Frontend]:        [handleGamePush/steam] app_name=592260 is_installed=false is_delisted=false matchedIndex=-1 beforeLen=221
(13:24:28) [INFO]:    [Frontend]:        [handleGamePush/steam] app_name=593280 is_installed=false is_delisted=false matchedIndex=-1 beforeLen=222
(13:24:28) [INFO]:    [Frontend]:        [handleGamePush/steam] app_name=594650 is_installed=false is_delisted=false matchedIndex=-1 beforeLen=223
(13:24:28) [INFO]:    [Frontend]:        [handleGamePush/steam] app_name=596970 is_installed=false is_delisted=false matchedIndex=-1 beforeLen=224
(13:24:28) [INFO]:    [Frontend]:        [handleGamePush/steam] app_name=597180 is_installed=false is_delisted=false matchedIndex=-1 beforeLen=225
(13:24:28) [INFO]:    [Frontend]:        [handleGamePush/steam] app_name=606880 is_installed=false is_delisted=false matchedIndex=-1 beforeLen=226
(13:24:28) [WARNING]: listUpdateableGames not implemented on Sideload Library Manager
(13:24:28) [DEBUG]:   [Backend]:         Logging to file(s) /Users/graysonmitchell/Library/Logs/GameLib/runners/gog.log
(13:24:28) [INFO]:    [Gog]:             Running command: GOGDL_CONFIG_PATH="/Users/graysonmitchell/Library/Application Support/GameLib/gogdlConfig" /Users/graysonmitchell/Projects/GameLib/public/bin/arm64/darwin/gogdl/gogdl --auth-config-path "/Users/graysonmitchell/Library/Application Support/GameLib/gog_store/auth.json" auth
(13:24:28) [INFO]:    [Frontend]:        [handleGamePush/steam] app_name=610370 is_installed=false is_delisted=false matchedIndex=-1 beforeLen=227
(13:24:28) [INFO]:    [Frontend]:        [handleGamePush/steam] app_name=625960 is_installed=false is_delisted=false matchedIndex=-1 beforeLen=229
(13:24:28) [INFO]:    [Frontend]:        [handleGamePush/steam] app_name=632470 is_installed=false is_delisted=false matchedIndex=-1 beforeLen=231
(13:24:28) [INFO]:    [Frontend]:        [handleGamePush/steam] app_name=617480 is_installed=false is_delisted=false matchedIndex=-1 beforeLen=228
(13:24:28) [INFO]:    [Frontend]:        [handleGamePush/steam] app_name=629690 is_installed=false is_delisted=false matchedIndex=-1 beforeLen=230
(13:24:28) [INFO]:    [Frontend]:        [handleGamePush/steam] app_name=637090 is_installed=false is_delisted=false matchedIndex=-1 beforeLen=232
(13:24:28) [INFO]:    [Frontend]:        [handleGamePush/steam] app_name=640820 is_installed=false is_delisted=false matchedIndex=-1 beforeLen=233
(13:24:28) [INFO]:    [Frontend]:        [handleGamePush/steam] app_name=648410 is_installed=false is_delisted=false matchedIndex=-1 beforeLen=234
(13:24:28) [INFO]:    [Frontend]:        [handleGamePush/steam] app_name=648800 is_installed=false is_delisted=false matchedIndex=-1 beforeLen=235
(13:24:28) [INFO]:    [Frontend]:        [handleGamePush/steam] app_name=650940 is_installed=false is_delisted=false matchedIndex=-1 beforeLen=236
(13:24:28) [INFO]:    [Frontend]:        [handleGamePush/steam] app_name=687800 is_installed=false is_delisted=false matchedIndex=-1 beforeLen=237
(13:24:28) [INFO]:    [Frontend]:        [handleGamePush/steam] app_name=695100 is_installed=false is_delisted=false matchedIndex=-1 beforeLen=238
(13:24:28) [INFO]:    [Frontend]:        [handleGamePush/steam] app_name=700580 is_installed=false is_delisted=true matchedIndex=-1 beforeLen=239
(13:24:28) [INFO]:    [Frontend]:        [handleGamePush/steam] app_name=718850 is_installed=false is_delisted=false matchedIndex=-1 beforeLen=241
(13:24:28) [INFO]:    [Frontend]:        [handleGamePush/steam] app_name=704450 is_installed=false is_delisted=false matchedIndex=-1 beforeLen=240
(13:24:28) [INFO]:    [Frontend]:        [handleGamePush/steam] app_name=719040 is_installed=true is_delisted=false matchedIndex=-1 beforeLen=242
(13:24:28) [INFO]:    [Frontend]:        [handleGamePush/steam] app_name=729040 is_installed=false is_delisted=false matchedIndex=-1 beforeLen=243
(13:24:28) [INFO]:    [Frontend]:        [handleGamePush/steam] app_name=736820 is_installed=false is_delisted=false matchedIndex=-1 beforeLen=244
(13:24:28) [INFO]:    [Frontend]:        [handleGamePush/steam] app_name=752590 is_installed=false is_delisted=false matchedIndex=-1 beforeLen=246
(13:24:28) [INFO]:    [Frontend]:        [handleGamePush/steam] app_name=747350 is_installed=false is_delisted=false matchedIndex=-1 beforeLen=245
(13:24:28) [INFO]:    [Frontend]:        [handleGamePush/steam] app_name=760060 is_installed=false is_delisted=false matchedIndex=-1 beforeLen=247
(13:24:28) [INFO]:    [Frontend]:        [handleGamePush/steam] app_name=763890 is_installed=false is_delisted=false matchedIndex=-1 beforeLen=248
(13:24:28) [INFO]:    [Frontend]:        [handleGamePush/steam] app_name=768200 is_installed=false is_delisted=false matchedIndex=-1 beforeLen=249
(13:24:28) [INFO]:    [Frontend]:        [handleGamePush/steam] app_name=770720 is_installed=false is_delisted=false matchedIndex=-1 beforeLen=250
(13:24:28) [INFO]:    [Frontend]:        [handleGamePush/steam] app_name=779290 is_installed=false is_delisted=false matchedIndex=-1 beforeLen=251
(13:24:28) [INFO]:    [Frontend]:        [handleGamePush/steam] app_name=794260 is_installed=false is_delisted=false matchedIndex=-1 beforeLen=252
(13:24:28) [INFO]:    [Frontend]:        [handleGamePush/steam] app_name=801800 is_installed=false is_delisted=false matchedIndex=-1 beforeLen=253
(13:24:28) [INFO]:    [Frontend]:        [handleGamePush/steam] app_name=810040 is_installed=false is_delisted=false matchedIndex=-1 beforeLen=254
(13:24:28) [INFO]:    [Frontend]:        [handleGamePush/steam] app_name=815370 is_installed=false is_delisted=false matchedIndex=-1 beforeLen=256
(13:24:28) [INFO]:    [Frontend]:        [handleGamePush/steam] app_name=811320 is_installed=false is_delisted=false matchedIndex=-1 beforeLen=255
(13:24:28) [INFO]:    [Frontend]:        [handleGamePush/steam] app_name=817540 is_installed=false is_delisted=false matchedIndex=-1 beforeLen=257
(13:24:28) [INFO]:    [Frontend]:        [handleGamePush/steam] app_name=829590 is_installed=false is_delisted=false matchedIndex=-1 beforeLen=258
(13:24:28) [INFO]:    [Frontend]:        [handleGamePush/steam] app_name=843260 is_installed=false is_delisted=false matchedIndex=-1 beforeLen=259
(13:24:28) [INFO]:    [Frontend]:        [handleGamePush/steam] app_name=858820 is_installed=false is_delisted=false matchedIndex=-1 beforeLen=260
(13:24:28) [INFO]:    [Frontend]:        [handleGamePush/steam] app_name=882100 is_installed=false is_delisted=false matchedIndex=-1 beforeLen=261
(13:24:28) [INFO]:    [Frontend]:        [handleGamePush/steam] app_name=892970 is_installed=false is_delisted=false matchedIndex=-1 beforeLen=262
(13:24:28) [INFO]:    [Frontend]:        [handleGamePush/steam] app_name=909660 is_installed=false is_delisted=false matchedIndex=-1 beforeLen=263
(13:24:28) [INFO]:    [Frontend]:        [handleGamePush/steam] app_name=916440 is_installed=false is_delisted=false matchedIndex=-1 beforeLen=264
(13:24:28) [INFO]:    [Frontend]:        [handleGamePush/steam] app_name=921800 is_installed=false is_delisted=false matchedIndex=-1 beforeLen=265
(13:24:28) [INFO]:    [Frontend]:        [handleGamePush/steam] app_name=951430 is_installed=false is_delisted=false matchedIndex=-1 beforeLen=266
(13:24:28) [INFO]:    [Frontend]:        [handleGamePush/steam] app_name=952060 is_installed=false is_delisted=false matchedIndex=-1 beforeLen=267
(13:24:28) [INFO]:    [Frontend]:        [handleGamePush/steam] app_name=952070 is_installed=false is_delisted=false matchedIndex=-1 beforeLen=268
(13:24:28) [INFO]:    [Frontend]:        [handleGamePush/steam] app_name=954650 is_installed=false is_delisted=false matchedIndex=-1 beforeLen=269
(13:24:28) [INFO]:    [Frontend]:        [handleGamePush/steam] app_name=962130 is_installed=false is_delisted=false matchedIndex=-1 beforeLen=270
(13:24:28) [INFO]:    [Frontend]:        [handleGamePush/steam] app_name=970830 is_installed=false is_delisted=false matchedIndex=-1 beforeLen=271
(13:24:28) [INFO]:    [Frontend]:        [handleGamePush/steam] app_name=990080 is_installed=true is_delisted=false matchedIndex=-1 beforeLen=272
(13:24:28) [INFO]:    [Frontend]:        [handleGamePush/steam] app_name=1044720 is_installed=false is_delisted=false matchedIndex=-1 beforeLen=273
(13:24:28) [INFO]:    [Frontend]:        [handleGamePush/steam] app_name=1062520 is_installed=false is_delisted=false matchedIndex=-1 beforeLen=274
(13:24:28) [INFO]:    [Frontend]:        [handleGamePush/steam] app_name=1084600 is_installed=false is_delisted=false matchedIndex=-1 beforeLen=275
(13:24:28) [INFO]:    [Frontend]:        [handleGamePush/steam] app_name=1086940 is_installed=true is_delisted=false matchedIndex=-1 beforeLen=276
(13:24:28) [INFO]:    [Frontend]:        [handleGamePush/steam] app_name=1088850 is_installed=false is_delisted=false matchedIndex=-1 beforeLen=277
(13:24:28) [INFO]:    [Frontend]:        [handleGamePush/steam] app_name=1091500 is_installed=true is_delisted=false matchedIndex=-1 beforeLen=278
(13:24:28) [INFO]:    [Frontend]:        [handleGamePush/steam] app_name=1119730 is_installed=false is_delisted=false matchedIndex=-1 beforeLen=281
(13:24:28) [INFO]:    [Frontend]:        [handleGamePush/steam] app_name=1091980 is_installed=false is_delisted=false matchedIndex=-1 beforeLen=279
(13:24:28) [INFO]:    [Frontend]:        [handleGamePush/steam] app_name=1096530 is_installed=false is_delisted=false matchedIndex=-1 beforeLen=280
(13:24:28) [INFO]:    [Frontend]:        [handleGamePush/steam] app_name=1124300 is_installed=true is_delisted=false matchedIndex=-1 beforeLen=282
(13:24:28) [INFO]:    [Frontend]:        [handleGamePush/steam] app_name=1129580 is_installed=false is_delisted=false matchedIndex=-1 beforeLen=283
(13:24:28) [INFO]:    [Frontend]:        [handleGamePush/steam] app_name=1139940 is_installed=false is_delisted=false matchedIndex=-1 beforeLen=284
(13:24:28) [INFO]:    [Frontend]:        [handleGamePush/steam] app_name=1151340 is_installed=false is_delisted=false matchedIndex=-1 beforeLen=286
(13:24:28) [INFO]:    [Frontend]:        [handleGamePush/steam] app_name=1158310 is_installed=false is_delisted=false matchedIndex=-1 beforeLen=287
(13:24:28) [INFO]:    [Frontend]:        [handleGamePush/steam] app_name=1142710 is_installed=false is_delisted=false matchedIndex=-1 beforeLen=285
(13:24:28) [INFO]:    [Frontend]:        [handleGamePush/steam] app_name=1167750 is_installed=false is_delisted=false matchedIndex=-1 beforeLen=288
(13:24:28) [INFO]:    [Frontend]:        [handleGamePush/steam] app_name=1167950 is_installed=false is_delisted=false matchedIndex=-1 beforeLen=289
(13:24:28) [INFO]:    [Frontend]:        [handleGamePush/steam] app_name=1169040 is_installed=false is_delisted=false matchedIndex=-1 beforeLen=290
(13:24:28) [INFO]:    [Frontend]:        [handleGamePush/steam] app_name=1179210 is_installed=false is_delisted=false matchedIndex=-1 beforeLen=292
(13:24:28) [INFO]:    [Frontend]:        [handleGamePush/steam] app_name=1174180 is_installed=false is_delisted=false matchedIndex=-1 beforeLen=291
(13:24:28) [INFO]:    [Frontend]:        [handleGamePush/steam] app_name=1184370 is_installed=false is_delisted=false matchedIndex=-1 beforeLen=293
(13:24:28) [INFO]:    [Frontend]:        [handleGamePush/steam] app_name=1203620 is_installed=false is_delisted=false matchedIndex=-1 beforeLen=294
(13:24:28) [INFO]:    [Frontend]:        [handleGamePush/steam] app_name=1281930 is_installed=false is_delisted=false matchedIndex=-1 beforeLen=296
(13:24:28) [INFO]:    [Frontend]:        [handleGamePush/steam] app_name=1245560 is_installed=false is_delisted=false matchedIndex=-1 beforeLen=295
(13:24:28) [INFO]:    [Frontend]:        [handleGamePush/steam] app_name=1282410 is_installed=false is_delisted=false matchedIndex=-1 beforeLen=297
(13:24:28) [INFO]:    [Frontend]:        [handleGamePush/steam] app_name=1284190 is_installed=false is_delisted=false matchedIndex=-1 beforeLen=298
(13:24:28) [INFO]:    [Frontend]:        [handleGamePush/steam] app_name=1295660 is_installed=true is_delisted=false matchedIndex=-1 beforeLen=300
(13:24:28) [INFO]:    [Frontend]:        [handleGamePush/steam] app_name=1286830 is_installed=false is_delisted=false matchedIndex=-1 beforeLen=299
(13:24:28) [INFO]:    [Frontend]:        [handleGamePush/steam] app_name=1328670 is_installed=false is_delisted=false matchedIndex=-1 beforeLen=301
(13:24:28) [INFO]:    [Frontend]:        [handleGamePush/steam] app_name=1359090 is_installed=false is_delisted=false matchedIndex=-1 beforeLen=303
(13:24:28) [INFO]:    [Frontend]:        [handleGamePush/steam] app_name=1374490 is_installed=false is_delisted=false matchedIndex=-1 beforeLen=305
(13:24:28) [INFO]:    [Frontend]:        [handleGamePush/steam] app_name=1374930 is_installed=false is_delisted=false matchedIndex=-1 beforeLen=306
(13:24:28) [INFO]:    [Frontend]:        [handleGamePush/steam] app_name=1377380 is_installed=false is_delisted=false matchedIndex=-1 beforeLen=307
(13:24:28) [INFO]:    [Frontend]:        [handleGamePush/steam] app_name=1416260 is_installed=false is_delisted=false matchedIndex=-1 beforeLen=308
(13:24:28) [INFO]:    [Frontend]:        [handleGamePush/steam] app_name=1432910 is_installed=false is_delisted=false matchedIndex=-1 beforeLen=309
(13:24:28) [INFO]:    [Frontend]:        [handleGamePush/steam] app_name=1335830 is_installed=true is_delisted=false matchedIndex=-1 beforeLen=302
(13:24:28) [INFO]:    [Frontend]:        [handleGamePush/steam] app_name=1363080 is_installed=false is_delisted=false matchedIndex=-1 beforeLen=304
(13:24:28) [INFO]:    [Frontend]:        [handleGamePush/steam] app_name=1449560 is_installed=false is_delisted=false matchedIndex=-1 beforeLen=310
(13:24:28) [INFO]:    [Frontend]:        [handleGamePush/steam] app_name=1509510 is_installed=false is_delisted=false matchedIndex=-1 beforeLen=311
(13:24:28) [INFO]:    [Frontend]:        [handleGamePush/steam] app_name=1526430 is_installed=false is_delisted=false matchedIndex=-1 beforeLen=312
(13:24:28) [INFO]:    [Frontend]:        [handleGamePush/steam] app_name=1527950 is_installed=false is_delisted=false matchedIndex=-1 beforeLen=313
(13:24:28) [INFO]:    [Frontend]:        [handleGamePush/steam] app_name=1545560 is_installed=false is_delisted=false matchedIndex=-1 beforeLen=314
(13:24:28) [INFO]:    [Frontend]:        [handleGamePush/steam] app_name=1562430 is_installed=false is_delisted=false matchedIndex=-1 beforeLen=315
(13:24:28) [INFO]:    [Frontend]:        [handleGamePush/steam] app_name=1564600 is_installed=false is_delisted=false matchedIndex=-1 beforeLen=316
(13:24:28) [INFO]:    [Frontend]:        [handleGamePush/steam] app_name=1578650 is_installed=false is_delisted=false matchedIndex=-1 beforeLen=317
(13:24:28) [INFO]:    [Frontend]:        [handleGamePush/steam] app_name=1581770 is_installed=false is_delisted=false matchedIndex=-1 beforeLen=318
(13:24:28) [INFO]:    [Frontend]:        [handleGamePush/steam] app_name=1585180 is_installed=false is_delisted=false matchedIndex=-1 beforeLen=319
(13:24:28) [INFO]:    [Frontend]:        [handleGamePush/steam] app_name=1599330 is_installed=false is_delisted=false matchedIndex=-1 beforeLen=320
(13:24:28) [INFO]:    [Frontend]:        [handleGamePush/steam] app_name=1601970 is_installed=false is_delisted=false matchedIndex=-1 beforeLen=321
(13:24:28) [INFO]:    [Frontend]:        [handleGamePush/steam] app_name=1603180 is_installed=false is_delisted=false matchedIndex=-1 beforeLen=322
(13:24:28) [INFO]:    [Frontend]:        [handleGamePush/steam] app_name=1604030 is_installed=false is_delisted=false matchedIndex=-1 beforeLen=323
(13:24:28) [INFO]:    [Frontend]:        [handleGamePush/steam] app_name=1621070 is_installed=false is_delisted=false matchedIndex=-1 beforeLen=324
(13:24:28) [INFO]:    [Frontend]:        [handleGamePush/steam] app_name=1621690 is_installed=false is_delisted=false matchedIndex=-1 beforeLen=325
(13:24:28) [INFO]:    [Frontend]:        [handleGamePush/steam] app_name=1623070 is_installed=false is_delisted=false matchedIndex=-1 beforeLen=326
(13:24:28) [INFO]:    [Frontend]:        [handleGamePush/steam] app_name=1623730 is_installed=false is_delisted=false matchedIndex=-1 beforeLen=327
(13:24:28) [INFO]:    [Frontend]:        [handleGamePush/steam] app_name=1645820 is_installed=false is_delisted=false matchedIndex=-1 beforeLen=329
(13:24:28) [INFO]:    [Frontend]:        [handleGamePush/steam] app_name=1641960 is_installed=false is_delisted=false matchedIndex=-1 beforeLen=328
(13:24:28) [INFO]:    [Frontend]:        [handleGamePush/steam] app_name=1651560 is_installed=false is_delisted=false matchedIndex=-1 beforeLen=330
(13:24:28) [INFO]:    [Frontend]:        [handleGamePush/steam] app_name=1660080 is_installed=false is_delisted=false matchedIndex=-1 beforeLen=331
(13:24:28) [INFO]:    [Frontend]:        [handleGamePush/steam] app_name=1674920 is_installed=false is_delisted=false matchedIndex=-1 beforeLen=332
(13:24:28) [INFO]:    [Frontend]:        [handleGamePush/steam] app_name=1677110 is_installed=false is_delisted=false matchedIndex=-1 beforeLen=333
(13:24:28) [INFO]:    [Frontend]:        [handleGamePush/steam] app_name=1684350 is_installed=false is_delisted=false matchedIndex=-1 beforeLen=334
(13:24:28) [INFO]:    [Frontend]:        [handleGamePush/steam] app_name=1691190 is_installed=false is_delisted=false matchedIndex=-1 beforeLen=335
(13:24:28) [INFO]:    [Frontend]:        [handleGamePush/steam] app_name=1714900 is_installed=false is_delisted=false matchedIndex=-1 beforeLen=336
(13:24:28) [INFO]:    [Frontend]:        [handleGamePush/steam] app_name=1716740 is_installed=false is_delisted=false matchedIndex=-1 beforeLen=337
(13:24:28) [INFO]:    [Frontend]:        [handleGamePush/steam] app_name=1751350 is_installed=false is_delisted=false matchedIndex=-1 beforeLen=338
(13:24:28) [INFO]:    [Frontend]:        [handleGamePush/steam] app_name=1771300 is_installed=true is_delisted=false matchedIndex=-1 beforeLen=339
(13:24:28) [INFO]:    [Frontend]:        [handleGamePush/steam] app_name=1782460 is_installed=false is_delisted=false matchedIndex=-1 beforeLen=340
(13:24:28) [INFO]:    [Frontend]:        [handleGamePush/steam] app_name=1812450 is_installed=false is_delisted=false matchedIndex=-1 beforeLen=341
(13:24:28) [INFO]:    [Frontend]:        [handleGamePush/steam] app_name=1818230 is_installed=false is_delisted=false matchedIndex=-1 beforeLen=342
(13:24:28) [INFO]:    [Frontend]:        [handleGamePush/steam] app_name=1836200 is_installed=false is_delisted=false matchedIndex=-1 beforeLen=343
(13:24:28) [INFO]:    [Frontend]:        [handleGamePush/steam] app_name=1887840 is_installed=false is_delisted=false matchedIndex=-1 beforeLen=344
(13:24:28) [INFO]:    [Frontend]:        [handleGamePush/steam] app_name=1903340 is_installed=false is_delisted=false matchedIndex=-1 beforeLen=346
(13:24:28) [INFO]:    [Frontend]:        [handleGamePush/steam] app_name=1898300 is_installed=false is_delisted=false matchedIndex=-1 beforeLen=345
(13:24:28) [INFO]:    [Frontend]:        [handleGamePush/steam] app_name=1928980 is_installed=false is_delisted=false matchedIndex=-1 beforeLen=347
(13:24:28) [INFO]:    [Frontend]:        [handleGamePush/steam] app_name=1931180 is_installed=false is_delisted=false matchedIndex=-1 beforeLen=348
(13:24:28) [INFO]:    [Frontend]:        [handleGamePush/steam] app_name=1937780 is_installed=false is_delisted=false matchedIndex=-1 beforeLen=349
(13:24:28) [INFO]:    [Frontend]:        [handleGamePush/steam] app_name=1963370 is_installed=false is_delisted=false matchedIndex=-1 beforeLen=350
(13:24:28) [INFO]:    [Frontend]:        [handleGamePush/steam] app_name=2021880 is_installed=false is_delisted=false matchedIndex=-1 beforeLen=354
(13:24:28) [INFO]:    [Frontend]:        [handleGamePush/steam] app_name=2026000 is_installed=false is_delisted=false matchedIndex=-1 beforeLen=355
(13:24:28) [INFO]:    [Frontend]:        [handleGamePush/steam] app_name=1975580 is_installed=false is_delisted=false matchedIndex=-1 beforeLen=351
(13:24:28) [INFO]:    [Frontend]:        [handleGamePush/steam] app_name=1983260 is_installed=false is_delisted=false matchedIndex=-1 beforeLen=352
(13:24:28) [INFO]:    [Frontend]:        [handleGamePush/steam] app_name=2020710 is_installed=false is_delisted=false matchedIndex=-1 beforeLen=353
(13:24:28) [INFO]:    [Frontend]:        [handleGamePush/steam] app_name=2080690 is_installed=false is_delisted=false matchedIndex=-1 beforeLen=356
(13:24:28) [INFO]:    [Frontend]:        [handleGamePush/steam] app_name=2082470 is_installed=false is_delisted=false matchedIndex=-1 beforeLen=357
(13:24:28) [INFO]:    [Frontend]:        [handleGamePush/steam] app_name=2115760 is_installed=false is_delisted=false matchedIndex=-1 beforeLen=358
(13:24:28) [INFO]:    [Frontend]:        [handleGamePush/steam] app_name=2139460 is_installed=false is_delisted=false matchedIndex=-1 beforeLen=359
(13:24:28) [INFO]:    [Frontend]:        [handleGamePush/steam] app_name=2186680 is_installed=false is_delisted=false matchedIndex=-1 beforeLen=360
(13:24:28) [INFO]:    [Frontend]:        [handleGamePush/steam] app_name=2198510 is_installed=false is_delisted=false matchedIndex=-1 beforeLen=361
(13:24:28) [INFO]:    [Frontend]:        [handleGamePush/steam] app_name=2230980 is_installed=false is_delisted=false matchedIndex=-1 beforeLen=362
(13:24:28) [INFO]:    [Frontend]:        [handleGamePush/steam] app_name=2362420 is_installed=false is_delisted=false matchedIndex=-1 beforeLen=363
(13:24:28) [INFO]:    [Frontend]:        [handleGamePush/steam] app_name=2375550 is_installed=false is_delisted=false matchedIndex=-1 beforeLen=364
(13:24:28) [INFO]:    [Frontend]:        [handleGamePush/steam] app_name=2408820 is_installed=false is_delisted=false matchedIndex=-1 beforeLen=365
(13:24:28) [INFO]:    [Frontend]:        [handleGamePush/steam] app_name=2457220 is_installed=false is_delisted=false matchedIndex=-1 beforeLen=366
(13:24:28) [INFO]:    [Frontend]:        [handleGamePush/steam] app_name=2525380 is_installed=false is_delisted=false matchedIndex=-1 beforeLen=367
(13:24:28) [INFO]:    [Frontend]:        [handleGamePush/steam] app_name=2617700 is_installed=false is_delisted=false matchedIndex=-1 beforeLen=369
(13:24:28) [INFO]:    [Frontend]:        [handleGamePush/steam] app_name=2570210 is_installed=false is_delisted=false matchedIndex=-1 beforeLen=368
(13:24:28) [INFO]:    [Frontend]:        [handleGamePush/steam] app_name=2646460 is_installed=false is_delisted=false matchedIndex=-1 beforeLen=370
(13:24:28) [INFO]:    [Frontend]:        [handleGamePush/steam] app_name=2683150 is_installed=false is_delisted=false matchedIndex=-1 beforeLen=371
(13:24:28) [INFO]:    [Frontend]:        [handleGamePush/steam] app_name=2706020 is_installed=true is_delisted=false matchedIndex=-1 beforeLen=372
(13:24:28) [INFO]:    [Frontend]:        [handleGamePush/steam] app_name=2933130 is_installed=false is_delisted=false matchedIndex=-1 beforeLen=373
(13:24:28) [INFO]:    [Frontend]:        [handleGamePush/steam] app_name=3172700 is_installed=false is_delisted=false matchedIndex=-1 beforeLen=376
(13:24:28) [INFO]:    [Frontend]:        [handleGamePush/steam] app_name=2975950 is_installed=false is_delisted=false matchedIndex=-1 beforeLen=375
(13:24:28) [INFO]:    [Frontend]:        [handleGamePush/steam] app_name=2951630 is_installed=false is_delisted=false matchedIndex=-1 beforeLen=374
(13:24:28) [INFO]:    [Frontend]:        [handleGamePush/steam] app_name=3410180 is_installed=false is_delisted=false matchedIndex=-1 beforeLen=377
(13:24:31) [INFO]:    [Gog]:             Found 0 game(s) to update
(13:24:31) [INFO]:    [Nile]:            Looking for updates...
(13:24:31) [INFO]:    [Nile]:            Running command: NILE_CONFIG_PATH="/Users/graysonmitchell/Library/Application Support/GameLib/nile_config" /Users/graysonmitchell/Projects/GameLib/public/bin/arm64/darwin/nile/nile list-updates --json
(13:24:31) [INFO]:    [Frontend]:        No cache found, getting data from nile...
(13:24:31) [INFO]:    [Nile]:            Refreshing Amazon Games...
(13:24:31) [INFO]:    [Nile]:            Refreshing library...
(13:24:31) [INFO]:    [Nile]:            refreshLibrary complete runner=nile managers=1
(13:24:31) [INFO]:    [Nile]:            Game list updated, got 0 games
(13:24:31) [INFO]:    [Nile]:            Running command: NILE_CONFIG_PATH="/Users/graysonmitchell/Library/Application Support/GameLib/nile_config" /Users/graysonmitchell/Projects/GameLib/public/bin/arm64/darwin/nile/nile library sync
(13:24:40) [DEBUG]:   [Backend]:         Logging to file(s) /Users/graysonmitchell/Library/Logs/GameLib/runners/legendary.log
(13:24:40) [INFO]:    [Legendary]:       Running command: LEGENDARY_CONFIG_PATH="/Users/graysonmitchell/Library/Application Support/GameLib/legendaryConfig/legendary" /Users/graysonmitchell/Projects/GameLib/public/bin/arm64/darwin/legendary/legendary --version
(13:24:40) [INFO]:    [Nile]:            Running command: NILE_CONFIG_PATH="/Users/graysonmitchell/Library/Application Support/GameLib/nile_config" /Users/graysonmitchell/Projects/GameLib/public/bin/arm64/darwin/nile/nile --version
(13:24:40) [INFO]:    [Gog]:             Running command: GOGDL_CONFIG_PATH="/Users/graysonmitchell/Library/Application Support/GameLib/gogdlConfig" /Users/graysonmitchell/Projects/GameLib/public/bin/arm64/darwin/gogdl/gogdl --auth-config-path "/Users/graysonmitchell/Library/Application Support/GameLib/gog_store/auth.json" --version
(13:24:54) [INFO]:    [Steam]:           Logging user out from Steam
(13:24:59) [INFO]:    [Steam]:           Logging user out from Steam
(13:25:59) [INFO]:    [Steam]:           [Timing] SteamUser.loggedOn: cellID=22 publicIP=222.153.200.37
(13:26:00) [INFO]:    [Frontend]:        [refreshLibrary] runner=steam origin=steam-login
(13:26:00) [INFO]:    [Steam]:           [Timing] SteamUser.ensureConnected: already connected (fast path, canary OK)
(13:26:00) [INFO]:    [Steam]:           Steam: fetched 378 owned games
(13:26:00) [INFO]:    [Steam]:           Steam library sync complete: 378 games
(13:26:00) [INFO]:    [Steam]:           refreshLibrary complete runner=steam managers=1
(13:26:00) [INFO]:    [Frontend]:        [handleGamePush/steam] app_name=220 is_installed=false is_delisted=false matchedIndex=-1 beforeLen=0
(13:26:00) [INFO]:    [Frontend]:        [handleGamePush/steam] app_name=320 is_installed=false is_delisted=false matchedIndex=-1 beforeLen=1
(13:26:00) [INFO]:    [Frontend]:        [handleGamePush/steam] app_name=1930 is_installed=false is_delisted=false matchedIndex=-1 beforeLen=5
(13:26:00) [INFO]:    [Frontend]:        [handleGamePush/steam] app_name=360 is_installed=false is_delisted=false matchedIndex=-1 beforeLen=2
(13:26:00) [INFO]:    [Frontend]:        [handleGamePush/steam] app_name=620 is_installed=false is_delisted=false matchedIndex=-1 beforeLen=4
(13:26:00) [INFO]:    [Frontend]:        [handleGamePush/steam] app_name=6300 is_installed=false is_delisted=false matchedIndex=-1 beforeLen=7
(13:26:00) [INFO]:    [Frontend]:        [handleGamePush/steam] app_name=3170 is_installed=false is_delisted=false matchedIndex=-1 beforeLen=6
(13:26:00) [INFO]:    [Frontend]:        [handleGamePush/steam] app_name=6310 is_installed=false is_delisted=false matchedIndex=-1 beforeLen=8
(13:26:00) [INFO]:    [Frontend]:        [handleGamePush/steam] app_name=7520 is_installed=false is_delisted=false matchedIndex=-1 beforeLen=9
(13:26:00) [INFO]:    [Frontend]:        [handleGamePush/steam] app_name=8870 is_installed=true is_delisted=false matchedIndex=-1 beforeLen=10
(13:26:00) [INFO]:    [Frontend]:        [handleGamePush/steam] app_name=8980 is_installed=false is_delisted=false matchedIndex=-1 beforeLen=12
(13:26:00) [INFO]:    [Frontend]:        [handleGamePush/steam] app_name=8930 is_installed=true is_delisted=false matchedIndex=-1 beforeLen=11
(13:26:00) [INFO]:    [Frontend]:        [handleGamePush/steam] app_name=9900 is_installed=false is_delisted=false matchedIndex=-1 beforeLen=13
(13:26:00) [INFO]:    [Frontend]:        [handleGamePush/steam] app_name=12320 is_installed=false is_delisted=false matchedIndex=-1 beforeLen=14
(13:26:00) [INFO]:    [Frontend]:        [handleGamePush/steam] app_name=15930 is_installed=false is_delisted=false matchedIndex=-1 beforeLen=15
(13:26:00) [INFO]:    [Frontend]:        [handleGamePush/steam] app_name=16720 is_installed=false is_delisted=false matchedIndex=-1 beforeLen=16
(13:26:00) [INFO]:    [Frontend]:        [handleGamePush/steam] app_name=17460 is_installed=false is_delisted=false matchedIndex=-1 beforeLen=17
(13:26:00) [INFO]:    [Frontend]:        [handleGamePush/steam] app_name=17710 is_installed=false is_delisted=false matchedIndex=-1 beforeLen=18
(13:26:00) [INFO]:    [Frontend]:        [handleGamePush/steam] app_name=20900 is_installed=false is_delisted=false matchedIndex=-1 beforeLen=19
(13:26:00) [INFO]:    [Frontend]:        [handleGamePush/steam] app_name=20920 is_installed=false is_delisted=false matchedIndex=-1 beforeLen=20
(13:26:00) [INFO]:    [Frontend]:        [handleGamePush/steam] app_name=22000 is_installed=false is_delisted=false matchedIndex=-1 beforeLen=21
(13:26:00) [INFO]:    [Frontend]:        [handleGamePush/steam] app_name=22320 is_installed=false is_delisted=false matchedIndex=-1 beforeLen=22
(13:26:00) [INFO]:    [Frontend]:        [handleGamePush/steam] app_name=22330 is_installed=false is_delisted=false matchedIndex=-1 beforeLen=23
(13:26:00) [INFO]:    [Frontend]:        [handleGamePush/steam] app_name=22370 is_installed=false is_delisted=false matchedIndex=-1 beforeLen=24
(13:26:00) [INFO]:    [Frontend]:        [handleGamePush/steam] app_name=22380 is_installed=false is_delisted=false matchedIndex=-1 beforeLen=25
(13:26:00) [INFO]:    [Frontend]:        [handleGamePush/steam] app_name=24980 is_installed=false is_delisted=false matchedIndex=-1 beforeLen=26
(13:26:00) [INFO]:    [Frontend]:        [handleGamePush/steam] app_name=25620 is_installed=false is_delisted=false matchedIndex=-1 beforeLen=28
(13:26:00) [INFO]:    [Frontend]:        [handleGamePush/steam] app_name=25600 is_installed=false is_delisted=false matchedIndex=-1 beforeLen=27
(13:26:00) [INFO]:    [Frontend]:        [handleGamePush/steam] app_name=25900 is_installed=false is_delisted=false matchedIndex=-1 beforeLen=29
(13:26:00) [INFO]:    [Frontend]:        [handleGamePush/steam] app_name=28050 is_installed=false is_delisted=true matchedIndex=-1 beforeLen=30
(13:26:00) [INFO]:    [Frontend]:        [handleGamePush/steam] app_name=33230 is_installed=false is_delisted=false matchedIndex=-1 beforeLen=31
(13:26:00) [INFO]:    [Frontend]:        [handleGamePush/steam] app_name=35700 is_installed=false is_delisted=false matchedIndex=-1 beforeLen=32
(13:26:00) [INFO]:    [Frontend]:        [handleGamePush/steam] app_name=35720 is_installed=true is_delisted=false matchedIndex=-1 beforeLen=33
(13:26:00) [INFO]:    [Frontend]:        [handleGamePush/steam] app_name=38400 is_installed=false is_delisted=false matchedIndex=-1 beforeLen=34
(13:26:00) [INFO]:    [Frontend]:        [handleGamePush/steam] app_name=38410 is_installed=false is_delisted=false matchedIndex=-1 beforeLen=35
(13:26:00) [INFO]:    [Frontend]:        [handleGamePush/steam] app_name=38420 is_installed=false is_delisted=false matchedIndex=-1 beforeLen=36
(13:26:00) [INFO]:    [Frontend]:        [handleGamePush/steam] app_name=39540 is_installed=false is_delisted=false matchedIndex=-1 beforeLen=37
(13:26:00) [INFO]:    [Frontend]:        [handleGamePush/steam] app_name=40700 is_installed=false is_delisted=false matchedIndex=-1 beforeLen=38
(13:26:00) [INFO]:    [Frontend]:        [handleGamePush/steam] app_name=41070 is_installed=false is_delisted=false matchedIndex=-1 beforeLen=39
(13:26:00) [INFO]:    [Frontend]:        [handleGamePush/steam] app_name=41500 is_installed=false is_delisted=false matchedIndex=-1 beforeLen=40
(13:26:00) [INFO]:    [Frontend]:        [handleGamePush/steam] app_name=400 is_installed=false is_delisted=false matchedIndex=-1 beforeLen=3
(13:26:00) [INFO]:    [Frontend]:        [handleGamePush/steam] app_name=41900 is_installed=false is_delisted=false matchedIndex=-1 beforeLen=41
(13:26:00) [INFO]:    [Frontend]:        [handleGamePush/steam] app_name=43110 is_installed=false is_delisted=false matchedIndex=-1 beforeLen=42
(13:26:00) [INFO]:    [Frontend]:        [handleGamePush/steam] app_name=43160 is_installed=false is_delisted=true matchedIndex=-1 beforeLen=43
(13:26:00) [INFO]:    [Frontend]:        [handleGamePush/steam] app_name=46410 is_installed=false is_delisted=false matchedIndex=-1 beforeLen=44
(13:26:00) [INFO]:    [Frontend]:        [handleGamePush/steam] app_name=47400 is_installed=false is_delisted=false matchedIndex=-1 beforeLen=45
(13:26:00) [INFO]:    [Frontend]:        [handleGamePush/steam] app_name=48000 is_installed=false is_delisted=false matchedIndex=-1 beforeLen=46
(13:26:00) [INFO]:    [Frontend]:        [handleGamePush/steam] app_name=49520 is_installed=false is_delisted=false matchedIndex=-1 beforeLen=47
(13:26:00) [INFO]:    [Frontend]:        [handleGamePush/steam] app_name=57300 is_installed=true is_delisted=false matchedIndex=-1 beforeLen=49
(13:26:00) [INFO]:    [Frontend]:        [handleGamePush/steam] app_name=63000 is_installed=true is_delisted=false matchedIndex=-1 beforeLen=50
(13:26:00) [INFO]:    [Frontend]:        [handleGamePush/steam] app_name=50650 is_installed=false is_delisted=false matchedIndex=-1 beforeLen=48
(13:26:00) [INFO]:    [Frontend]:        [handleGamePush/steam] app_name=65980 is_installed=false is_delisted=false matchedIndex=-1 beforeLen=51
(13:26:00) [INFO]:    [Frontend]:        [handleGamePush/steam] app_name=72200 is_installed=false is_delisted=false matchedIndex=-1 beforeLen=52
(13:26:00) [INFO]:    [Frontend]:        [handleGamePush/steam] app_name=72850 is_installed=false is_delisted=false matchedIndex=-1 beforeLen=53
(13:26:00) [INFO]:    [Frontend]:        [handleGamePush/steam] app_name=73010 is_installed=true is_delisted=false matchedIndex=-1 beforeLen=54
(13:26:00) [INFO]:    [Frontend]:        [handleGamePush/steam] app_name=91700 is_installed=false is_delisted=false matchedIndex=-1 beforeLen=56
(13:26:00) [INFO]:    [Frontend]:        [handleGamePush/steam] app_name=91310 is_installed=true is_delisted=true matchedIndex=-1 beforeLen=55
(13:26:00) [INFO]:    [Frontend]:        [handleGamePush/steam] app_name=97000 is_installed=false is_delisted=false matchedIndex=-1 beforeLen=57
(13:26:00) [INFO]:    [Frontend]:        [handleGamePush/steam] app_name=98200 is_installed=false is_delisted=false matchedIndex=-1 beforeLen=58
(13:26:00) [INFO]:    [Frontend]:        [handleGamePush/steam] app_name=98800 is_installed=false is_delisted=false matchedIndex=-1 beforeLen=59
(13:26:00) [INFO]:    [Frontend]:        [handleGamePush/steam] app_name=107100 is_installed=true is_delisted=false matchedIndex=-1 beforeLen=61
(13:26:00) [INFO]:    [Frontend]:        [handleGamePush/steam] app_name=108600 is_installed=false is_delisted=false matchedIndex=-1 beforeLen=62
(13:26:00) [INFO]:    [Frontend]:        [handleGamePush/steam] app_name=112100 is_installed=false is_delisted=false matchedIndex=-1 beforeLen=63
(13:26:00) [INFO]:    [Frontend]:        [handleGamePush/steam] app_name=113200 is_installed=false is_delisted=false matchedIndex=-1 beforeLen=64
(13:26:00) [INFO]:    [Frontend]:        [handleGamePush/steam] app_name=200260 is_installed=false is_delisted=false matchedIndex=-1 beforeLen=65
(13:26:00) [INFO]:    [Frontend]:        [handleGamePush/steam] app_name=200510 is_installed=false is_delisted=false matchedIndex=-1 beforeLen=66
(13:26:00) [INFO]:    [Frontend]:        [handleGamePush/steam] app_name=200710 is_installed=false is_delisted=false matchedIndex=-1 beforeLen=67
(13:26:00) [INFO]:    [Frontend]:        [handleGamePush/steam] app_name=203140 is_installed=false is_delisted=false matchedIndex=-1 beforeLen=68
(13:26:00) [INFO]:    [Frontend]:        [handleGamePush/steam] app_name=203770 is_installed=false is_delisted=false matchedIndex=-1 beforeLen=70
(13:26:00) [INFO]:    [Frontend]:        [handleGamePush/steam] app_name=105600 is_installed=false is_delisted=false matchedIndex=-1 beforeLen=60
(13:26:00) [INFO]:    [Frontend]:        [handleGamePush/steam] app_name=203830 is_installed=false is_delisted=false matchedIndex=-1 beforeLen=71
(13:26:00) [INFO]:    [Frontend]:        [handleGamePush/steam] app_name=205930 is_installed=false is_delisted=true matchedIndex=-1 beforeLen=73
(13:26:00) [INFO]:    [Frontend]:        [handleGamePush/steam] app_name=203160 is_installed=false is_delisted=false matchedIndex=-1 beforeLen=69
(13:26:00) [INFO]:    [Frontend]:        [handleGamePush/steam] app_name=206020 is_installed=true is_delisted=false matchedIndex=-1 beforeLen=74
(13:26:00) [INFO]:    [Frontend]:        [handleGamePush/steam] app_name=206040 is_installed=true is_delisted=false matchedIndex=-1 beforeLen=75
(13:26:00) [INFO]:    [Frontend]:        [handleGamePush/steam] app_name=204100 is_installed=false is_delisted=false matchedIndex=-1 beforeLen=72
(13:26:00) [INFO]:    [Frontend]:        [handleGamePush/steam] app_name=206060 is_installed=true is_delisted=false matchedIndex=-1 beforeLen=76
(13:26:00) [INFO]:    [Frontend]:        [handleGamePush/steam] app_name=207170 is_installed=false is_delisted=false matchedIndex=-1 beforeLen=77
(13:26:00) [INFO]:    [Frontend]:        [handleGamePush/steam] app_name=208140 is_installed=false is_delisted=false matchedIndex=-1 beforeLen=79
(13:26:00) [INFO]:    [Frontend]:        [handleGamePush/steam] app_name=208400 is_installed=false is_delisted=false matchedIndex=-1 beforeLen=80
(13:26:00) [INFO]:    [Frontend]:        [handleGamePush/steam] app_name=207610 is_installed=false is_delisted=false matchedIndex=-1 beforeLen=78
(13:26:00) [INFO]:    [Frontend]:        [handleGamePush/steam] app_name=211820 is_installed=false is_delisted=false matchedIndex=-1 beforeLen=83
(13:26:00) [INFO]:    [Frontend]:        [handleGamePush/steam] app_name=211420 is_installed=false is_delisted=false matchedIndex=-1 beforeLen=82
(13:26:00) [INFO]:    [Frontend]:        [handleGamePush/steam] app_name=211900 is_installed=false is_delisted=false matchedIndex=-1 beforeLen=84
(13:26:00) [INFO]:    [Frontend]:        [handleGamePush/steam] app_name=208520 is_installed=false is_delisted=false matchedIndex=-1 beforeLen=81
(13:26:00) [INFO]:    [Frontend]:        [handleGamePush/steam] app_name=215160 is_installed=false is_delisted=false matchedIndex=-1 beforeLen=87
(13:26:00) [INFO]:    [Frontend]:        [handleGamePush/steam] app_name=214340 is_installed=false is_delisted=false matchedIndex=-1 beforeLen=86
(13:26:00) [INFO]:    [Frontend]:        [handleGamePush/steam] app_name=215530 is_installed=false is_delisted=false matchedIndex=-1 beforeLen=88
(13:26:00) [INFO]:    [Frontend]:        [handleGamePush/steam] app_name=216390 is_installed=false is_delisted=true matchedIndex=-1 beforeLen=89
(13:26:00) [INFO]:    [Frontend]:        [handleGamePush/steam] app_name=212680 is_installed=false is_delisted=false matchedIndex=-1 beforeLen=85
(13:26:00) [INFO]:    [Frontend]:        [handleGamePush/steam] app_name=218130 is_installed=false is_delisted=true matchedIndex=-1 beforeLen=90
(13:26:00) [INFO]:    [Frontend]:        [handleGamePush/steam] app_name=218410 is_installed=false is_delisted=false matchedIndex=-1 beforeLen=91
(13:26:00) [INFO]:    [Frontend]:        [handleGamePush/steam] app_name=219780 is_installed=false is_delisted=false matchedIndex=-1 beforeLen=92
(13:26:00) [INFO]:    [Frontend]:        [handleGamePush/steam] app_name=219990 is_installed=false is_delisted=false matchedIndex=-1 beforeLen=93
(13:26:00) [INFO]:    [Frontend]:        [handleGamePush/steam] app_name=223390 is_installed=false is_delisted=true matchedIndex=-1 beforeLen=94
(13:26:00) [INFO]:    [Frontend]:        [handleGamePush/steam] app_name=226840 is_installed=true is_delisted=false matchedIndex=-1 beforeLen=95
(13:26:00) [INFO]:    [Frontend]:        [handleGamePush/steam] app_name=226860 is_installed=false is_delisted=false matchedIndex=-1 beforeLen=96
(13:26:00) [INFO]:    [Frontend]:        [handleGamePush/steam] app_name=228280 is_installed=false is_delisted=false matchedIndex=-1 beforeLen=97
(13:26:00) [INFO]:    [Frontend]:        [handleGamePush/steam] app_name=230070 is_installed=false is_delisted=false matchedIndex=-1 beforeLen=98
(13:26:00) [INFO]:    [Frontend]:        [handleGamePush/steam] app_name=230230 is_installed=false is_delisted=false matchedIndex=-1 beforeLen=99
(13:26:00) [INFO]:    [Frontend]:        [handleGamePush/steam] app_name=232750 is_installed=false is_delisted=false matchedIndex=-1 beforeLen=100
(13:26:00) [INFO]:    [Frontend]:        [handleGamePush/steam] app_name=233310 is_installed=false is_delisted=false matchedIndex=-1 beforeLen=101
(13:26:00) [INFO]:    [Frontend]:        [handleGamePush/steam] app_name=233860 is_installed=false is_delisted=false matchedIndex=-1 beforeLen=102
(13:26:00) [INFO]:    [Frontend]:        [handleGamePush/steam] app_name=234650 is_installed=false is_delisted=false matchedIndex=-1 beforeLen=103
(13:26:00) [INFO]:    [Frontend]:        [handleGamePush/steam] app_name=237430 is_installed=false is_delisted=false matchedIndex=-1 beforeLen=104
(13:26:00) [INFO]:    [Frontend]:        [handleGamePush/steam] app_name=237990 is_installed=false is_delisted=false matchedIndex=-1 beforeLen=105
(13:26:00) [INFO]:    [Frontend]:        [handleGamePush/steam] app_name=238320 is_installed=false is_delisted=false matchedIndex=-1 beforeLen=106
(13:26:00) [INFO]:    [Frontend]:        [handleGamePush/steam] app_name=238750 is_installed=false is_delisted=false matchedIndex=-1 beforeLen=107
(13:26:00) [INFO]:    [Frontend]:        [handleGamePush/steam] app_name=239160 is_installed=false is_delisted=false matchedIndex=-1 beforeLen=108
(13:26:00) [INFO]:    [Frontend]:        [handleGamePush/steam] app_name=240760 is_installed=false is_delisted=false matchedIndex=-1 beforeLen=109
(13:26:00) [INFO]:    [Frontend]:        [handleGamePush/steam] app_name=241930 is_installed=false is_delisted=false matchedIndex=-1 beforeLen=111
(13:26:00) [INFO]:    [Frontend]:        [handleGamePush/steam] app_name=241600 is_installed=false is_delisted=false matchedIndex=-1 beforeLen=110
(13:26:00) [INFO]:    [Frontend]:        [handleGamePush/steam] app_name=242640 is_installed=false is_delisted=false matchedIndex=-1 beforeLen=112
(13:26:00) [INFO]:    [Frontend]:        [handleGamePush/steam] app_name=242760 is_installed=false is_delisted=false matchedIndex=-1 beforeLen=113
(13:26:00) [INFO]:    [Frontend]:        [handleGamePush/steam] app_name=243970 is_installed=false is_delisted=false matchedIndex=-1 beforeLen=114
(13:26:00) [INFO]:    [Frontend]:        [handleGamePush/steam] app_name=245410 is_installed=false is_delisted=false matchedIndex=-1 beforeLen=115
(13:26:00) [INFO]:    [Frontend]:        [handleGamePush/steam] app_name=245430 is_installed=false is_delisted=false matchedIndex=-1 beforeLen=116
(13:26:00) [INFO]:    [Frontend]:        [handleGamePush/steam] app_name=246110 is_installed=false is_delisted=false matchedIndex=-1 beforeLen=117
(13:26:00) [INFO]:    [Frontend]:        [handleGamePush/steam] app_name=246760 is_installed=false is_delisted=false matchedIndex=-1 beforeLen=118
(13:26:00) [INFO]:    [Frontend]:        [handleGamePush/steam] app_name=248390 is_installed=false is_delisted=false matchedIndex=-1 beforeLen=119
(13:26:00) [INFO]:    [Frontend]:        [handleGamePush/steam] app_name=248410 is_installed=false is_delisted=false matchedIndex=-1 beforeLen=120
(13:26:00) [INFO]:    [Frontend]:        [handleGamePush/steam] app_name=249050 is_installed=false is_delisted=false matchedIndex=-1 beforeLen=121
(13:26:00) [INFO]:    [Frontend]:        [handleGamePush/steam] app_name=249650 is_installed=false is_delisted=false matchedIndex=-1 beforeLen=122
(13:26:00) [INFO]:    [Frontend]:        [handleGamePush/steam] app_name=250320 is_installed=false is_delisted=false matchedIndex=-1 beforeLen=123
(13:26:00) [INFO]:    [Frontend]:        [handleGamePush/steam] app_name=251570 is_installed=true is_delisted=false matchedIndex=-1 beforeLen=124
(13:26:00) [INFO]:    [Frontend]:        [handleGamePush/steam] app_name=251730 is_installed=false is_delisted=false matchedIndex=-1 beforeLen=125
(13:26:00) [INFO]:    [Frontend]:        [handleGamePush/steam] app_name=252410 is_installed=false is_delisted=false matchedIndex=-1 beforeLen=126
(13:26:00) [INFO]:    [Frontend]:        [handleGamePush/steam] app_name=252490 is_installed=false is_delisted=false matchedIndex=-1 beforeLen=127
(13:26:00) [INFO]:    [Frontend]:        [handleGamePush/steam] app_name=256290 is_installed=false is_delisted=false matchedIndex=-1 beforeLen=128
(13:26:00) [INFO]:    [Frontend]:        [handleGamePush/steam] app_name=257350 is_installed=true is_delisted=false matchedIndex=-1 beforeLen=129
(13:26:00) [INFO]:    [Frontend]:        [handleGamePush/steam] app_name=258970 is_installed=false is_delisted=false matchedIndex=-1 beforeLen=130
(13:26:00) [INFO]:    [Frontend]:        [handleGamePush/steam] app_name=259060 is_installed=false is_delisted=false matchedIndex=-1 beforeLen=131
(13:26:00) [INFO]:    [Frontend]:        [handleGamePush/steam] app_name=259130 is_installed=false is_delisted=false matchedIndex=-1 beforeLen=132
(13:26:00) [INFO]:    [Frontend]:        [handleGamePush/steam] app_name=259680 is_installed=false is_delisted=false matchedIndex=-1 beforeLen=133
(13:26:00) [INFO]:    [Frontend]:        [handleGamePush/steam] app_name=261030 is_installed=false is_delisted=false matchedIndex=-1 beforeLen=134
(13:26:00) [INFO]:    [Frontend]:        [handleGamePush/steam] app_name=262060 is_installed=false is_delisted=false matchedIndex=-1 beforeLen=135
(13:26:00) [INFO]:    [Frontend]:        [handleGamePush/steam] app_name=264160 is_installed=true is_delisted=false matchedIndex=-1 beforeLen=136
(13:26:00) [INFO]:    [Frontend]:        [handleGamePush/steam] app_name=265970 is_installed=false is_delisted=false matchedIndex=-1 beforeLen=137
(13:26:00) [INFO]:    [Frontend]:        [handleGamePush/steam] app_name=268500 is_installed=false is_delisted=false matchedIndex=-1 beforeLen=138
(13:26:00) [INFO]:    [Frontend]:        [handleGamePush/steam] app_name=268870 is_installed=false is_delisted=false matchedIndex=-1 beforeLen=139
(13:26:00) [INFO]:    [Frontend]:        [handleGamePush/steam] app_name=270050 is_installed=false is_delisted=false matchedIndex=-1 beforeLen=140
(13:26:00) [INFO]:    [Frontend]:        [handleGamePush/steam] app_name=271240 is_installed=false is_delisted=false matchedIndex=-1 beforeLen=141
(13:26:00) [INFO]:    [Frontend]:        [handleGamePush/steam] app_name=272270 is_installed=false is_delisted=false matchedIndex=-1 beforeLen=142
(13:26:00) [INFO]:    [Frontend]:        [handleGamePush/steam] app_name=273070 is_installed=false is_delisted=false matchedIndex=-1 beforeLen=143
(13:26:00) [INFO]:    [Frontend]:        [handleGamePush/steam] app_name=274520 is_installed=false is_delisted=false matchedIndex=-1 beforeLen=144
(13:26:00) [INFO]:    [Frontend]:        [handleGamePush/steam] app_name=275850 is_installed=false is_delisted=false matchedIndex=-1 beforeLen=145
(13:26:00) [INFO]:    [Frontend]:        [handleGamePush/steam] app_name=281990 is_installed=false is_delisted=false matchedIndex=-1 beforeLen=146
(13:26:00) [INFO]:    [Frontend]:        [handleGamePush/steam] app_name=288120 is_installed=false is_delisted=false matchedIndex=-1 beforeLen=147
(13:26:00) [INFO]:    [Frontend]:        [handleGamePush/steam] app_name=289070 is_installed=true is_delisted=false matchedIndex=-1 beforeLen=148
(13:26:00) [INFO]:    [Frontend]:        [handleGamePush/steam] app_name=289130 is_installed=false is_delisted=false matchedIndex=-1 beforeLen=149
(13:26:00) [INFO]:    [Frontend]:        [handleGamePush/steam] app_name=290300 is_installed=false is_delisted=false matchedIndex=-1 beforeLen=150
(13:26:00) [INFO]:    [Frontend]:        [handleGamePush/steam] app_name=291190 is_installed=false is_delisted=false matchedIndex=-1 beforeLen=151
(13:26:00) [INFO]:    [Frontend]:        [handleGamePush/steam] app_name=291650 is_installed=true is_delisted=false matchedIndex=-1 beforeLen=152
(13:26:00) [INFO]:    [Frontend]:        [handleGamePush/steam] app_name=292030 is_installed=false is_delisted=false matchedIndex=-1 beforeLen=153
(13:26:00) [INFO]:    [Frontend]:        [handleGamePush/steam] app_name=293480 is_installed=false is_delisted=false matchedIndex=-1 beforeLen=154
(13:26:00) [INFO]:    [Frontend]:        [handleGamePush/steam] app_name=294100 is_installed=false is_delisted=false matchedIndex=-1 beforeLen=155
(13:26:00) [INFO]:    [Frontend]:        [handleGamePush/steam] app_name=296570 is_installed=false is_delisted=false matchedIndex=-1 beforeLen=156
(13:26:00) [INFO]:    [Frontend]:        [handleGamePush/steam] app_name=300550 is_installed=false is_delisted=false matchedIndex=-1 beforeLen=157
(13:26:00) [INFO]:    [Frontend]:        [handleGamePush/steam] app_name=307670 is_installed=false is_delisted=false matchedIndex=-1 beforeLen=161
(13:26:00) [INFO]:    [Frontend]:        [handleGamePush/steam] app_name=305640 is_installed=false is_delisted=false matchedIndex=-1 beforeLen=160
(13:26:00) [INFO]:    [Frontend]:        [handleGamePush/steam] app_name=301860 is_installed=false is_delisted=false matchedIndex=-1 beforeLen=158
(13:26:00) [INFO]:    [Frontend]:        [handleGamePush/steam] app_name=319630 is_installed=false is_delisted=false matchedIndex=-1 beforeLen=164
(13:26:00) [INFO]:    [Frontend]:        [handleGamePush/steam] app_name=321800 is_installed=false is_delisted=false matchedIndex=-1 beforeLen=165
(13:26:00) [INFO]:    [Frontend]:        [handleGamePush/steam] app_name=308420 is_installed=false is_delisted=false matchedIndex=-1 beforeLen=162
(13:26:00) [INFO]:    [Frontend]:        [handleGamePush/steam] app_name=311290 is_installed=false is_delisted=false matchedIndex=-1 beforeLen=163
(13:26:00) [INFO]:    [Frontend]:        [handleGamePush/steam] app_name=322330 is_installed=false is_delisted=false matchedIndex=-1 beforeLen=166
(13:26:00) [INFO]:    [Frontend]:        [handleGamePush/steam] app_name=335120 is_installed=false is_delisted=false matchedIndex=-1 beforeLen=169
(13:26:00) [INFO]:    [Frontend]:        [handleGamePush/steam] app_name=333300 is_installed=false is_delisted=false matchedIndex=-1 beforeLen=168
(13:26:00) [INFO]:    [Frontend]:        [handleGamePush/steam] app_name=323190 is_installed=false is_delisted=false matchedIndex=-1 beforeLen=167
(13:26:00) [INFO]:    [Frontend]:        [handleGamePush/steam] app_name=302510 is_installed=false is_delisted=false matchedIndex=-1 beforeLen=159
(13:26:00) [INFO]:    [Frontend]:        [handleGamePush/steam] app_name=335620 is_installed=false is_delisted=false matchedIndex=-1 beforeLen=170
(13:26:00) [INFO]:    [Frontend]:        [handleGamePush/steam] app_name=345180 is_installed=false is_delisted=false matchedIndex=-1 beforeLen=172
(13:26:00) [INFO]:    [Frontend]:        [handleGamePush/steam] app_name=337850 is_installed=false is_delisted=false matchedIndex=-1 beforeLen=171
(13:26:00) [INFO]:    [Frontend]:        [handleGamePush/steam] app_name=356040 is_installed=false is_delisted=false matchedIndex=-1 beforeLen=175
(13:26:00) [INFO]:    [Frontend]:        [handleGamePush/steam] app_name=346940 is_installed=false is_delisted=false matchedIndex=-1 beforeLen=174
(13:26:00) [INFO]:    [Frontend]:        [handleGamePush/steam] app_name=346110 is_installed=false is_delisted=false matchedIndex=-1 beforeLen=173
(13:26:00) [INFO]:    [Frontend]:        [handleGamePush/steam] app_name=365360 is_installed=false is_delisted=false matchedIndex=-1 beforeLen=177
(13:26:00) [INFO]:    [Frontend]:        [handleGamePush/steam] app_name=362960 is_installed=false is_delisted=false matchedIndex=-1 beforeLen=176
(13:26:00) [INFO]:    [Frontend]:        [handleGamePush/steam] app_name=367540 is_installed=false is_delisted=true matchedIndex=-1 beforeLen=179
(13:26:00) [INFO]:    [Frontend]:        [handleGamePush/steam] app_name=368250 is_installed=false is_delisted=false matchedIndex=-1 beforeLen=180
(13:26:00) [INFO]:    [Frontend]:        [handleGamePush/steam] app_name=377160 is_installed=false is_delisted=false matchedIndex=-1 beforeLen=182
(13:26:00) [INFO]:    [Frontend]:        [handleGamePush/steam] app_name=379430 is_installed=false is_delisted=false matchedIndex=-1 beforeLen=183
(13:26:00) [INFO]:    [Frontend]:        [handleGamePush/steam] app_name=367500 is_installed=false is_delisted=false matchedIndex=-1 beforeLen=178
(13:26:00) [INFO]:    [Frontend]:        [handleGamePush/steam] app_name=391220 is_installed=false is_delisted=false matchedIndex=-1 beforeLen=185
(13:26:00) [INFO]:    [Frontend]:        [handleGamePush/steam] app_name=373420 is_installed=false is_delisted=false matchedIndex=-1 beforeLen=181
(13:26:00) [INFO]:    [Frontend]:        [handleGamePush/steam] app_name=392110 is_installed=false is_delisted=false matchedIndex=-1 beforeLen=186
(13:26:00) [INFO]:    [Frontend]:        [handleGamePush/steam] app_name=380150 is_installed=false is_delisted=false matchedIndex=-1 beforeLen=184
(13:26:00) [INFO]:    [Frontend]:        [handleGamePush/steam] app_name=402060 is_installed=false is_delisted=false matchedIndex=-1 beforeLen=188
(13:26:00) [INFO]:    [Frontend]:        [handleGamePush/steam] app_name=395420 is_installed=false is_delisted=false matchedIndex=-1 beforeLen=187
(13:26:00) [INFO]:    [Frontend]:        [handleGamePush/steam] app_name=403950 is_installed=false is_delisted=false matchedIndex=-1 beforeLen=189
(13:26:00) [INFO]:    [Frontend]:        [handleGamePush/steam] app_name=404730 is_installed=false is_delisted=false matchedIndex=-1 beforeLen=190
(13:26:00) [INFO]:    [Frontend]:        [handleGamePush/steam] app_name=407530 is_installed=false is_delisted=false matchedIndex=-1 beforeLen=191
(13:26:00) [INFO]:    [Frontend]:        [handleGamePush/steam] app_name=411300 is_installed=false is_delisted=false matchedIndex=-1 beforeLen=193
(13:26:00) [INFO]:    [Frontend]:        [handleGamePush/steam] app_name=409450 is_installed=false is_delisted=false matchedIndex=-1 beforeLen=192
(13:26:00) [INFO]:    [Frontend]:        [handleGamePush/steam] app_name=412020 is_installed=false is_delisted=false matchedIndex=-1 beforeLen=194
(13:26:00) [INFO]:    [Frontend]:        [handleGamePush/steam] app_name=414340 is_installed=false is_delisted=false matchedIndex=-1 beforeLen=195
(13:26:00) [INFO]:    [Frontend]:        [handleGamePush/steam] app_name=424250 is_installed=false is_delisted=false matchedIndex=-1 beforeLen=196
(13:26:00) [INFO]:    [Frontend]:        [handleGamePush/steam] app_name=427290 is_installed=false is_delisted=false matchedIndex=-1 beforeLen=197
(13:26:00) [INFO]:    [Frontend]:        [handleGamePush/steam] app_name=427410 is_installed=false is_delisted=false matchedIndex=-1 beforeLen=198
(13:26:00) [INFO]:    [Frontend]:        [handleGamePush/steam] app_name=427520 is_installed=false is_delisted=false matchedIndex=-1 beforeLen=199
(13:26:00) [INFO]:    [Frontend]:        [handleGamePush/steam] app_name=428880 is_installed=false is_delisted=false matchedIndex=-1 beforeLen=200
(13:26:00) [INFO]:    [Frontend]:        [handleGamePush/steam] app_name=435150 is_installed=false is_delisted=false matchedIndex=-1 beforeLen=201
(13:26:00) [INFO]:    [Frontend]:        [handleGamePush/steam] app_name=445190 is_installed=false is_delisted=false matchedIndex=-1 beforeLen=202
(13:26:00) [INFO]:    [Frontend]:        [handleGamePush/steam] app_name=449300 is_installed=false is_delisted=false matchedIndex=-1 beforeLen=203
(13:26:00) [INFO]:    [Frontend]:        [handleGamePush/steam] app_name=466300 is_installed=false is_delisted=false matchedIndex=-1 beforeLen=204
(13:26:00) [INFO]:    [Frontend]:        [handleGamePush/steam] app_name=466560 is_installed=false is_delisted=false matchedIndex=-1 beforeLen=205
(13:26:00) [INFO]:    [Frontend]:        [handleGamePush/steam] app_name=471010 is_installed=false is_delisted=false matchedIndex=-1 beforeLen=206
(13:26:00) [INFO]:    [Frontend]:        [handleGamePush/steam] app_name=489830 is_installed=false is_delisted=false matchedIndex=-1 beforeLen=207
(13:26:00) [INFO]:    [Frontend]:        [handleGamePush/steam] app_name=495420 is_installed=false is_delisted=false matchedIndex=-1 beforeLen=208
(13:26:00) [INFO]:    [Frontend]:        [handleGamePush/steam] app_name=518790 is_installed=false is_delisted=false matchedIndex=-1 beforeLen=209
(13:26:00) [INFO]:    [Frontend]:        [handleGamePush/steam] app_name=526160 is_installed=false is_delisted=false matchedIndex=-1 beforeLen=210
(13:26:00) [INFO]:    [Frontend]:        [handleGamePush/steam] app_name=529340 is_installed=false is_delisted=false matchedIndex=-1 beforeLen=211
(13:26:00) [INFO]:    [Frontend]:        [handleGamePush/steam] app_name=530890 is_installed=false is_delisted=false matchedIndex=-1 beforeLen=212
(13:26:00) [INFO]:    [Frontend]:        [handleGamePush/steam] app_name=552500 is_installed=false is_delisted=false matchedIndex=-1 beforeLen=213
(13:26:00) [INFO]:    [Frontend]:        [handleGamePush/steam] app_name=552620 is_installed=false is_delisted=false matchedIndex=-1 beforeLen=214
(13:26:00) [INFO]:    [Frontend]:        [handleGamePush/steam] app_name=560130 is_installed=false is_delisted=false matchedIndex=-1 beforeLen=215
(13:26:00) [INFO]:    [Frontend]:        [handleGamePush/steam] app_name=564310 is_installed=false is_delisted=false matchedIndex=-1 beforeLen=216
(13:26:00) [INFO]:    [Frontend]:        [handleGamePush/steam] app_name=566090 is_installed=false is_delisted=false matchedIndex=-1 beforeLen=217
(13:26:00) [INFO]:    [Frontend]:        [handleGamePush/steam] app_name=571310 is_installed=false is_delisted=false matchedIndex=-1 beforeLen=218
(13:26:00) [INFO]:    [Frontend]:        [handleGamePush/steam] app_name=576770 is_installed=false is_delisted=false matchedIndex=-1 beforeLen=219
(13:26:00) [INFO]:    [Frontend]:        [handleGamePush/steam] app_name=582010 is_installed=false is_delisted=false matchedIndex=-1 beforeLen=220
(13:26:00) [INFO]:    [Frontend]:        [handleGamePush/steam] app_name=592260 is_installed=false is_delisted=false matchedIndex=-1 beforeLen=221
(13:26:00) [INFO]:    [Frontend]:        [handleGamePush/steam] app_name=593280 is_installed=false is_delisted=false matchedIndex=-1 beforeLen=222
(13:26:00) [INFO]:    [Frontend]:        [handleGamePush/steam] app_name=594650 is_installed=false is_delisted=false matchedIndex=-1 beforeLen=223
(13:26:00) [INFO]:    [Frontend]:        [handleGamePush/steam] app_name=596970 is_installed=false is_delisted=false matchedIndex=-1 beforeLen=224
(13:26:00) [INFO]:    [Frontend]:        [handleGamePush/steam] app_name=597180 is_installed=false is_delisted=false matchedIndex=-1 beforeLen=225
(13:26:00) [INFO]:    [Frontend]:        [handleGamePush/steam] app_name=606880 is_installed=false is_delisted=false matchedIndex=-1 beforeLen=226
(13:26:00) [INFO]:    [Frontend]:        [handleGamePush/steam] app_name=610370 is_installed=false is_delisted=false matchedIndex=-1 beforeLen=227
(13:26:00) [INFO]:    [Frontend]:        [handleGamePush/steam] app_name=617480 is_installed=false is_delisted=false matchedIndex=-1 beforeLen=228
(13:26:00) [INFO]:    [Frontend]:        [handleGamePush/steam] app_name=625960 is_installed=false is_delisted=false matchedIndex=-1 beforeLen=229
(13:26:00) [INFO]:    [Frontend]:        [handleGamePush/steam] app_name=629690 is_installed=false is_delisted=false matchedIndex=-1 beforeLen=230
(13:26:00) [INFO]:    [Frontend]:        [handleGamePush/steam] app_name=632470 is_installed=false is_delisted=false matchedIndex=-1 beforeLen=231
(13:26:00) [INFO]:    [Frontend]:        [handleGamePush/steam] app_name=637090 is_installed=false is_delisted=false matchedIndex=-1 beforeLen=232
(13:26:00) [INFO]:    [Frontend]:        [handleGamePush/steam] app_name=640820 is_installed=false is_delisted=false matchedIndex=-1 beforeLen=233
(13:26:00) [INFO]:    [Frontend]:        [handleGamePush/steam] app_name=648410 is_installed=false is_delisted=false matchedIndex=-1 beforeLen=234
(13:26:00) [INFO]:    [Frontend]:        [handleGamePush/steam] app_name=648800 is_installed=false is_delisted=false matchedIndex=-1 beforeLen=235
(13:26:00) [INFO]:    [Frontend]:        [handleGamePush/steam] app_name=650940 is_installed=false is_delisted=false matchedIndex=-1 beforeLen=236
(13:26:00) [INFO]:    [Frontend]:        [handleGamePush/steam] app_name=687800 is_installed=false is_delisted=false matchedIndex=-1 beforeLen=237
(13:26:00) [INFO]:    [Frontend]:        [handleGamePush/steam] app_name=695100 is_installed=false is_delisted=false matchedIndex=-1 beforeLen=238
(13:26:00) [INFO]:    [Frontend]:        [handleGamePush/steam] app_name=700580 is_installed=false is_delisted=true matchedIndex=-1 beforeLen=239
(13:26:00) [INFO]:    [Frontend]:        [handleGamePush/steam] app_name=704450 is_installed=false is_delisted=false matchedIndex=-1 beforeLen=240
(13:26:00) [INFO]:    [Frontend]:        [handleGamePush/steam] app_name=718850 is_installed=false is_delisted=false matchedIndex=-1 beforeLen=241
(13:26:00) [INFO]:    [Frontend]:        [handleGamePush/steam] app_name=719040 is_installed=true is_delisted=false matchedIndex=-1 beforeLen=242
(13:26:00) [INFO]:    [Frontend]:        [handleGamePush/steam] app_name=729040 is_installed=false is_delisted=false matchedIndex=-1 beforeLen=243
(13:26:00) [INFO]:    [Frontend]:        [handleGamePush/steam] app_name=736820 is_installed=false is_delisted=false matchedIndex=-1 beforeLen=244
(13:26:00) [INFO]:    [Frontend]:        [handleGamePush/steam] app_name=747350 is_installed=false is_delisted=false matchedIndex=-1 beforeLen=245
(13:26:00) [INFO]:    [Frontend]:        [handleGamePush/steam] app_name=752590 is_installed=false is_delisted=false matchedIndex=-1 beforeLen=246
(13:26:00) [INFO]:    [Frontend]:        [handleGamePush/steam] app_name=760060 is_installed=false is_delisted=false matchedIndex=-1 beforeLen=247
(13:26:00) [INFO]:    [Frontend]:        [handleGamePush/steam] app_name=763890 is_installed=false is_delisted=false matchedIndex=-1 beforeLen=248
(13:26:00) [INFO]:    [Frontend]:        [handleGamePush/steam] app_name=768200 is_installed=false is_delisted=false matchedIndex=-1 beforeLen=249
(13:26:00) [INFO]:    [Frontend]:        [handleGamePush/steam] app_name=770720 is_installed=false is_delisted=false matchedIndex=-1 beforeLen=250
(13:26:00) [INFO]:    [Frontend]:        [handleGamePush/steam] app_name=779290 is_installed=false is_delisted=false matchedIndex=-1 beforeLen=251
(13:26:00) [INFO]:    [Frontend]:        [handleGamePush/steam] app_name=794260 is_installed=false is_delisted=false matchedIndex=-1 beforeLen=252
(13:26:00) [INFO]:    [Frontend]:        [handleGamePush/steam] app_name=801800 is_installed=false is_delisted=false matchedIndex=-1 beforeLen=253
(13:26:00) [INFO]:    [Frontend]:        [handleGamePush/steam] app_name=810040 is_installed=false is_delisted=false matchedIndex=-1 beforeLen=254
(13:26:00) [INFO]:    [Frontend]:        [handleGamePush/steam] app_name=811320 is_installed=false is_delisted=false matchedIndex=-1 beforeLen=255
(13:26:00) [INFO]:    [Frontend]:        [handleGamePush/steam] app_name=815370 is_installed=false is_delisted=false matchedIndex=-1 beforeLen=256
(13:26:00) [INFO]:    [Frontend]:        [handleGamePush/steam] app_name=817540 is_installed=false is_delisted=false matchedIndex=-1 beforeLen=257
(13:26:00) [INFO]:    [Frontend]:        [handleGamePush/steam] app_name=829590 is_installed=false is_delisted=false matchedIndex=-1 beforeLen=258
(13:26:00) [INFO]:    [Frontend]:        [handleGamePush/steam] app_name=843260 is_installed=false is_delisted=false matchedIndex=-1 beforeLen=259
(13:26:00) [INFO]:    [Frontend]:        [handleGamePush/steam] app_name=882100 is_installed=false is_delisted=false matchedIndex=-1 beforeLen=261
(13:26:00) [INFO]:    [Frontend]:        [handleGamePush/steam] app_name=858820 is_installed=false is_delisted=false matchedIndex=-1 beforeLen=260
(13:26:00) [INFO]:    [Frontend]:        [handleGamePush/steam] app_name=892970 is_installed=false is_delisted=false matchedIndex=-1 beforeLen=262
(13:26:00) [INFO]:    [Frontend]:        [handleGamePush/steam] app_name=909660 is_installed=false is_delisted=false matchedIndex=-1 beforeLen=263
(13:26:00) [INFO]:    [Frontend]:        [handleGamePush/steam] app_name=916440 is_installed=false is_delisted=false matchedIndex=-1 beforeLen=264
(13:26:00) [INFO]:    [Frontend]:        [handleGamePush/steam] app_name=951430 is_installed=false is_delisted=false matchedIndex=-1 beforeLen=266
(13:26:00) [INFO]:    [Frontend]:        [handleGamePush/steam] app_name=921800 is_installed=false is_delisted=false matchedIndex=-1 beforeLen=265
(13:26:00) [INFO]:    [Frontend]:        [handleGamePush/steam] app_name=952060 is_installed=false is_delisted=false matchedIndex=-1 beforeLen=267
(13:26:00) [INFO]:    [Frontend]:        [handleGamePush/steam] app_name=952070 is_installed=false is_delisted=false matchedIndex=-1 beforeLen=268
(13:26:00) [INFO]:    [Frontend]:        [handleGamePush/steam] app_name=954650 is_installed=false is_delisted=false matchedIndex=-1 beforeLen=269
(13:26:00) [INFO]:    [Frontend]:        [handleGamePush/steam] app_name=962130 is_installed=false is_delisted=false matchedIndex=-1 beforeLen=270
(13:26:00) [INFO]:    [Frontend]:        [handleGamePush/steam] app_name=970830 is_installed=false is_delisted=false matchedIndex=-1 beforeLen=271
(13:26:00) [INFO]:    [Frontend]:        [handleGamePush/steam] app_name=990080 is_installed=true is_delisted=false matchedIndex=-1 beforeLen=272
(13:26:00) [INFO]:    [Frontend]:        [handleGamePush/steam] app_name=1044720 is_installed=false is_delisted=false matchedIndex=-1 beforeLen=273
(13:26:00) [INFO]:    [Frontend]:        [handleGamePush/steam] app_name=1062520 is_installed=false is_delisted=false matchedIndex=-1 beforeLen=274
(13:26:00) [INFO]:    [Frontend]:        [handleGamePush/steam] app_name=1084600 is_installed=false is_delisted=false matchedIndex=-1 beforeLen=275
(13:26:00) [INFO]:    [Frontend]:        [handleGamePush/steam] app_name=1086940 is_installed=true is_delisted=false matchedIndex=-1 beforeLen=276
(13:26:00) [INFO]:    [Frontend]:        [handleGamePush/steam] app_name=1088850 is_installed=false is_delisted=false matchedIndex=-1 beforeLen=277
(13:26:00) [INFO]:    [Frontend]:        [handleGamePush/steam] app_name=1091500 is_installed=true is_delisted=false matchedIndex=-1 beforeLen=278
(13:26:00) [INFO]:    [Frontend]:        [handleGamePush/steam] app_name=1091980 is_installed=false is_delisted=false matchedIndex=-1 beforeLen=279
(13:26:00) [INFO]:    [Frontend]:        [handleGamePush/steam] app_name=1096530 is_installed=false is_delisted=false matchedIndex=-1 beforeLen=280
(13:26:00) [INFO]:    [Frontend]:        [handleGamePush/steam] app_name=1119730 is_installed=false is_delisted=false matchedIndex=-1 beforeLen=281
(13:26:00) [INFO]:    [Frontend]:        [handleGamePush/steam] app_name=1124300 is_installed=true is_delisted=false matchedIndex=-1 beforeLen=282
(13:26:00) [INFO]:    [Frontend]:        [handleGamePush/steam] app_name=1129580 is_installed=false is_delisted=false matchedIndex=-1 beforeLen=283
(13:26:00) [INFO]:    [Frontend]:        [handleGamePush/steam] app_name=1139940 is_installed=false is_delisted=false matchedIndex=-1 beforeLen=284
(13:26:00) [INFO]:    [Frontend]:        [handleGamePush/steam] app_name=1142710 is_installed=false is_delisted=false matchedIndex=-1 beforeLen=285
(13:26:00) [INFO]:    [Frontend]:        [handleGamePush/steam] app_name=1151340 is_installed=false is_delisted=false matchedIndex=-1 beforeLen=286
(13:26:00) [INFO]:    [Frontend]:        [handleGamePush/steam] app_name=1158310 is_installed=false is_delisted=false matchedIndex=-1 beforeLen=287
(13:26:00) [INFO]:    [Frontend]:        [handleGamePush/steam] app_name=1167750 is_installed=false is_delisted=false matchedIndex=-1 beforeLen=288
(13:26:00) [INFO]:    [Frontend]:        [handleGamePush/steam] app_name=1167950 is_installed=false is_delisted=false matchedIndex=-1 beforeLen=289
(13:26:00) [INFO]:    [Frontend]:        [handleGamePush/steam] app_name=1169040 is_installed=false is_delisted=false matchedIndex=-1 beforeLen=290
(13:26:00) [INFO]:    [Frontend]:        [handleGamePush/steam] app_name=1174180 is_installed=false is_delisted=false matchedIndex=-1 beforeLen=291
(13:26:00) [INFO]:    [Frontend]:        [handleGamePush/steam] app_name=1179210 is_installed=false is_delisted=false matchedIndex=-1 beforeLen=292
(13:26:00) [INFO]:    [Frontend]:        [handleGamePush/steam] app_name=1184370 is_installed=false is_delisted=false matchedIndex=-1 beforeLen=293
(13:26:00) [INFO]:    [Frontend]:        [handleGamePush/steam] app_name=1203620 is_installed=false is_delisted=false matchedIndex=-1 beforeLen=294
(13:26:00) [INFO]:    [Frontend]:        [handleGamePush/steam] app_name=1245560 is_installed=false is_delisted=false matchedIndex=-1 beforeLen=295
(13:26:00) [INFO]:    [Frontend]:        [handleGamePush/steam] app_name=1281930 is_installed=false is_delisted=false matchedIndex=-1 beforeLen=296
(13:26:00) [INFO]:    [Frontend]:        [handleGamePush/steam] app_name=1282410 is_installed=false is_delisted=false matchedIndex=-1 beforeLen=297
(13:26:00) [INFO]:    [Frontend]:        [handleGamePush/steam] app_name=1284190 is_installed=false is_delisted=false matchedIndex=-1 beforeLen=298
(13:26:00) [INFO]:    [Frontend]:        [handleGamePush/steam] app_name=1286830 is_installed=false is_delisted=false matchedIndex=-1 beforeLen=299
(13:26:00) [INFO]:    [Frontend]:        [handleGamePush/steam] app_name=1295660 is_installed=true is_delisted=false matchedIndex=-1 beforeLen=300
(13:26:00) [INFO]:    [Frontend]:        [handleGamePush/steam] app_name=1328670 is_installed=false is_delisted=false matchedIndex=-1 beforeLen=301
(13:26:00) [INFO]:    [Frontend]:        [handleGamePush/steam] app_name=1335830 is_installed=true is_delisted=false matchedIndex=-1 beforeLen=302
(13:26:00) [INFO]:    [Frontend]:        [handleGamePush/steam] app_name=1359090 is_installed=false is_delisted=false matchedIndex=-1 beforeLen=303
(13:26:00) [INFO]:    [Frontend]:        [handleGamePush/steam] app_name=1363080 is_installed=false is_delisted=false matchedIndex=-1 beforeLen=304
(13:26:00) [INFO]:    [Frontend]:        [handleGamePush/steam] app_name=1374490 is_installed=false is_delisted=false matchedIndex=-1 beforeLen=305
(13:26:00) [INFO]:    [Frontend]:        [handleGamePush/steam] app_name=1374930 is_installed=false is_delisted=false matchedIndex=-1 beforeLen=306
(13:26:00) [INFO]:    [Frontend]:        [handleGamePush/steam] app_name=1377380 is_installed=false is_delisted=false matchedIndex=-1 beforeLen=307
(13:26:00) [INFO]:    [Frontend]:        [handleGamePush/steam] app_name=1416260 is_installed=false is_delisted=false matchedIndex=-1 beforeLen=308
(13:26:00) [INFO]:    [Frontend]:        [handleGamePush/steam] app_name=1432910 is_installed=false is_delisted=false matchedIndex=-1 beforeLen=309
(13:26:00) [INFO]:    [Frontend]:        [handleGamePush/steam] app_name=1449560 is_installed=false is_delisted=false matchedIndex=-1 beforeLen=310
(13:26:00) [INFO]:    [Frontend]:        [handleGamePush/steam] app_name=1509510 is_installed=false is_delisted=false matchedIndex=-1 beforeLen=311
(13:26:00) [INFO]:    [Frontend]:        [handleGamePush/steam] app_name=1526430 is_installed=false is_delisted=false matchedIndex=-1 beforeLen=312
(13:26:00) [INFO]:    [Frontend]:        [handleGamePush/steam] app_name=1527950 is_installed=false is_delisted=false matchedIndex=-1 beforeLen=313
(13:26:00) [INFO]:    [Frontend]:        [handleGamePush/steam] app_name=1545560 is_installed=false is_delisted=false matchedIndex=-1 beforeLen=314
(13:26:00) [INFO]:    [Frontend]:        [handleGamePush/steam] app_name=1562430 is_installed=false is_delisted=false matchedIndex=-1 beforeLen=315
(13:26:00) [INFO]:    [Frontend]:        [handleGamePush/steam] app_name=1564600 is_installed=false is_delisted=false matchedIndex=-1 beforeLen=316
(13:26:00) [INFO]:    [Frontend]:        [handleGamePush/steam] app_name=1578650 is_installed=false is_delisted=false matchedIndex=-1 beforeLen=317
(13:26:00) [INFO]:    [Frontend]:        [handleGamePush/steam] app_name=1581770 is_installed=false is_delisted=false matchedIndex=-1 beforeLen=318
(13:26:00) [INFO]:    [Frontend]:        [handleGamePush/steam] app_name=1585180 is_installed=false is_delisted=false matchedIndex=-1 beforeLen=319
(13:26:00) [INFO]:    [Frontend]:        [handleGamePush/steam] app_name=1599330 is_installed=false is_delisted=false matchedIndex=-1 beforeLen=320
(13:26:00) [INFO]:    [Frontend]:        [handleGamePush/steam] app_name=1601970 is_installed=false is_delisted=false matchedIndex=-1 beforeLen=321
(13:26:00) [INFO]:    [Frontend]:        [handleGamePush/steam] app_name=1603180 is_installed=false is_delisted=false matchedIndex=-1 beforeLen=322
(13:26:00) [INFO]:    [Frontend]:        [handleGamePush/steam] app_name=1604030 is_installed=false is_delisted=false matchedIndex=-1 beforeLen=323
(13:26:00) [INFO]:    [Frontend]:        [handleGamePush/steam] app_name=1621070 is_installed=false is_delisted=false matchedIndex=-1 beforeLen=324
(13:26:00) [INFO]:    [Frontend]:        [handleGamePush/steam] app_name=1621690 is_installed=false is_delisted=false matchedIndex=-1 beforeLen=325
(13:26:00) [INFO]:    [Frontend]:        [handleGamePush/steam] app_name=1623070 is_installed=false is_delisted=false matchedIndex=-1 beforeLen=326
(13:26:00) [INFO]:    [Frontend]:        [handleGamePush/steam] app_name=1623730 is_installed=false is_delisted=false matchedIndex=-1 beforeLen=327
(13:26:00) [INFO]:    [Frontend]:        [handleGamePush/steam] app_name=1641960 is_installed=false is_delisted=false matchedIndex=-1 beforeLen=328
(13:26:00) [INFO]:    [Frontend]:        [handleGamePush/steam] app_name=1645820 is_installed=false is_delisted=false matchedIndex=-1 beforeLen=329
(13:26:00) [INFO]:    [Frontend]:        [handleGamePush/steam] app_name=1651560 is_installed=false is_delisted=false matchedIndex=-1 beforeLen=330
(13:26:00) [INFO]:    [Frontend]:        [handleGamePush/steam] app_name=1660080 is_installed=false is_delisted=false matchedIndex=-1 beforeLen=331
(13:26:00) [INFO]:    [Frontend]:        [handleGamePush/steam] app_name=1674920 is_installed=false is_delisted=false matchedIndex=-1 beforeLen=332
(13:26:00) [INFO]:    [Frontend]:        [handleGamePush/steam] app_name=1677110 is_installed=false is_delisted=false matchedIndex=-1 beforeLen=333
(13:26:00) [INFO]:    [Frontend]:        [handleGamePush/steam] app_name=1684350 is_installed=false is_delisted=false matchedIndex=-1 beforeLen=334
(13:26:00) [INFO]:    [Frontend]:        [handleGamePush/steam] app_name=1691190 is_installed=false is_delisted=false matchedIndex=-1 beforeLen=335
(13:26:00) [INFO]:    [Frontend]:        [handleGamePush/steam] app_name=1714900 is_installed=false is_delisted=false matchedIndex=-1 beforeLen=336
(13:26:00) [INFO]:    [Frontend]:        [handleGamePush/steam] app_name=1716740 is_installed=false is_delisted=false matchedIndex=-1 beforeLen=337
(13:26:00) [INFO]:    [Frontend]:        [handleGamePush/steam] app_name=1751350 is_installed=false is_delisted=false matchedIndex=-1 beforeLen=338
(13:26:00) [INFO]:    [Frontend]:        [handleGamePush/steam] app_name=1771300 is_installed=true is_delisted=false matchedIndex=-1 beforeLen=339
(13:26:00) [INFO]:    [Frontend]:        [handleGamePush/steam] app_name=1782460 is_installed=false is_delisted=false matchedIndex=-1 beforeLen=340
(13:26:00) [INFO]:    [Frontend]:        [handleGamePush/steam] app_name=1812450 is_installed=false is_delisted=false matchedIndex=-1 beforeLen=341
(13:26:00) [INFO]:    [Frontend]:        [handleGamePush/steam] app_name=1818230 is_installed=false is_delisted=false matchedIndex=-1 beforeLen=342
(13:26:00) [INFO]:    [Frontend]:        [handleGamePush/steam] app_name=1836200 is_installed=false is_delisted=false matchedIndex=-1 beforeLen=343
(13:26:00) [INFO]:    [Frontend]:        [handleGamePush/steam] app_name=1887840 is_installed=false is_delisted=false matchedIndex=-1 beforeLen=344
(13:26:00) [INFO]:    [Frontend]:        [handleGamePush/steam] app_name=1898300 is_installed=false is_delisted=false matchedIndex=-1 beforeLen=345
(13:26:00) [INFO]:    [Frontend]:        [handleGamePush/steam] app_name=1903340 is_installed=false is_delisted=false matchedIndex=-1 beforeLen=346
(13:26:00) [INFO]:    [Frontend]:        [handleGamePush/steam] app_name=1928980 is_installed=false is_delisted=false matchedIndex=-1 beforeLen=347
(13:26:00) [INFO]:    [Frontend]:        [handleGamePush/steam] app_name=1931180 is_installed=false is_delisted=false matchedIndex=-1 beforeLen=348
(13:26:00) [INFO]:    [Frontend]:        [handleGamePush/steam] app_name=1937780 is_installed=false is_delisted=false matchedIndex=-1 beforeLen=349
(13:26:00) [INFO]:    [Frontend]:        [handleGamePush/steam] app_name=1963370 is_installed=false is_delisted=false matchedIndex=-1 beforeLen=350
(13:26:00) [INFO]:    [Frontend]:        [handleGamePush/steam] app_name=1975580 is_installed=false is_delisted=false matchedIndex=-1 beforeLen=351
(13:26:00) [INFO]:    [Frontend]:        [handleGamePush/steam] app_name=1983260 is_installed=false is_delisted=false matchedIndex=-1 beforeLen=352
(13:26:00) [INFO]:    [Frontend]:        [handleGamePush/steam] app_name=2020710 is_installed=false is_delisted=false matchedIndex=-1 beforeLen=353
(13:26:00) [INFO]:    [Frontend]:        [handleGamePush/steam] app_name=2021880 is_installed=false is_delisted=false matchedIndex=-1 beforeLen=354
(13:26:00) [INFO]:    [Frontend]:        [handleGamePush/steam] app_name=2026000 is_installed=false is_delisted=false matchedIndex=-1 beforeLen=355
(13:26:00) [INFO]:    [Frontend]:        [handleGamePush/steam] app_name=2080690 is_installed=false is_delisted=false matchedIndex=-1 beforeLen=356
(13:26:00) [INFO]:    [Frontend]:        [handleGamePush/steam] app_name=2082470 is_installed=false is_delisted=false matchedIndex=-1 beforeLen=357
(13:26:00) [INFO]:    [Frontend]:        [handleGamePush/steam] app_name=2115760 is_installed=false is_delisted=false matchedIndex=-1 beforeLen=358
(13:26:00) [INFO]:    [Frontend]:        [handleGamePush/steam] app_name=2139460 is_installed=false is_delisted=false matchedIndex=-1 beforeLen=359
(13:26:00) [INFO]:    [Frontend]:        [handleGamePush/steam] app_name=2186680 is_installed=false is_delisted=false matchedIndex=-1 beforeLen=360
(13:26:00) [INFO]:    [Frontend]:        [handleGamePush/steam] app_name=2198510 is_installed=false is_delisted=false matchedIndex=-1 beforeLen=361
(13:26:00) [INFO]:    [Frontend]:        [handleGamePush/steam] app_name=2230980 is_installed=false is_delisted=false matchedIndex=-1 beforeLen=362
(13:26:00) [INFO]:    [Frontend]:        [handleGamePush/steam] app_name=2362420 is_installed=false is_delisted=false matchedIndex=-1 beforeLen=363
(13:26:00) [INFO]:    [Frontend]:        [handleGamePush/steam] app_name=2375550 is_installed=false is_delisted=false matchedIndex=-1 beforeLen=364
(13:26:00) [INFO]:    [Frontend]:        [handleGamePush/steam] app_name=2408820 is_installed=false is_delisted=false matchedIndex=-1 beforeLen=365
(13:26:00) [INFO]:    [Frontend]:        [handleGamePush/steam] app_name=2457220 is_installed=false is_delisted=false matchedIndex=-1 beforeLen=366
(13:26:00) [INFO]:    [Frontend]:        [handleGamePush/steam] app_name=2525380 is_installed=false is_delisted=false matchedIndex=-1 beforeLen=367
(13:26:00) [INFO]:    [Frontend]:        [handleGamePush/steam] app_name=2570210 is_installed=false is_delisted=false matchedIndex=-1 beforeLen=368
(13:26:00) [INFO]:    [Frontend]:        [handleGamePush/steam] app_name=2617700 is_installed=false is_delisted=false matchedIndex=-1 beforeLen=369
(13:26:00) [INFO]:    [Frontend]:        [handleGamePush/steam] app_name=2646460 is_installed=false is_delisted=false matchedIndex=-1 beforeLen=370
(13:26:00) [INFO]:    [Frontend]:        [handleGamePush/steam] app_name=2683150 is_installed=false is_delisted=false matchedIndex=-1 beforeLen=371
(13:26:00) [INFO]:    [Frontend]:        [handleGamePush/steam] app_name=2706020 is_installed=true is_delisted=false matchedIndex=-1 beforeLen=372
(13:26:00) [INFO]:    [Frontend]:        [handleGamePush/steam] app_name=2933130 is_installed=false is_delisted=false matchedIndex=-1 beforeLen=373
(13:26:00) [INFO]:    [Frontend]:        [handleGamePush/steam] app_name=2951630 is_installed=false is_delisted=false matchedIndex=-1 beforeLen=374
(13:26:00) [INFO]:    [Frontend]:        [handleGamePush/steam] app_name=2975950 is_installed=false is_delisted=false matchedIndex=-1 beforeLen=375
(13:26:00) [INFO]:    [Frontend]:        [handleGamePush/steam] app_name=3172700 is_installed=false is_delisted=false matchedIndex=-1 beforeLen=376
(13:26:00) [INFO]:    [Frontend]:        [handleGamePush/steam] app_name=3410180 is_installed=false is_delisted=false matchedIndex=-1 beforeLen=377
